dna	ribosomal	truefalse
YLR044C	nRP	TRUE
YGL088W	nRP	FALSE
YLR110C	nRP	FALSE
YOL086C	nRP	TRUE
YGR192C	RP	TRUE
YPR080W	nRP	TRUE
YEL034W	RP	TRUE
YLR167W	RP	TRUE
YJL191W	nRP	FALSE
YHR174W	nRP	TRUE
YBR118W	RP	TRUE
YBR010W	RP	TRUE
YDR050C	RP	TRUE
YKL056C	RP	TRUE
YKL060C	nRP	TRUE
YNL067W	nRP	FALSE
YNL030W	RP	TRUE
YPL081W	RP	FALSE
YLR355C	nRP	FALSE
YCR012W	nRP	FALSE
YOR369C	nRP	TRUE
YLR340W	RP	TRUE
YOL039W	RP	FALSE
YGL008C	RP	TRUE
YDR382W	RP	FALSE
YGL103W	nRP	FALSE
YLR075W	RP	FALSE
YOR167C	nRP	TRUE
YBR189W	RP	FALSE
YDR225W	nRP	TRUE
YNL178W	RP	TRUE
YOR063W	nRP	TRUE
YLR264W	RP	FALSE
YPR132W	nRP	TRUE
YDR064W	RP	FALSE
YBR009C	nRP	TRUE
YDL184C	nRP	TRUE
YOL120C	nRP	TRUE
YLR029C	nRP	TRUE
YJR009C	nRP	TRUE
YAL003W	nRP	FALSE
YER117W	nRP	TRUE
YMR116C	nRP	FALSE
YAL038W	RP	TRUE
YKL152C	nRP	TRUE
YJR123W	RP	FALSE
YGL030W	RP	TRUE
YHR021C	nRP	FALSE
YDL081C	nRP	FALSE
YLR249W	RP	FALSE
YNL302C	RP	FALSE
YGR118W	RP	FALSE
YIL018W	RP	TRUE
YML063W	RP	FALSE
YBR181C	nRP	TRUE
YDR418W	nRP	TRUE
YIL053W	nRP	FALSE
YGR085C	RP	FALSE
YDL075W	RP	FALSE
YHL033C	RP	FALSE
YDL130W	RP	FALSE
YHL015W	RP	TRUE
YPR043W	nRP	FALSE
YLR061W	nRP	TRUE
YKL006W	nRP	TRUE
YLR325C	RP	FALSE
YGL135W	RP	FALSE
YHR010W	RP	FALSE
YPL090C	RP	FALSE
YLR406C	nRP	FALSE
YGR034W	RP	TRUE
YPL131W	RP	TRUE
YJL189W	RP	FALSE
YER102W	RP	TRUE
YLR367W	RP	FALSE
YKL180W	RP	TRUE
YOR182C	RP	TRUE
YDR497C	RP	TRUE
YDL229W	RP	TRUE
YOL040C	RP	TRUE
YER026C	RP	TRUE
YPR102C	RP	FALSE
YOR096W	nRP	TRUE
YGL123W	RP	FALSE
YPL143W	nRP	TRUE
YIL133C	nRP	FALSE
YPL079W	RP	FALSE
YEL054C	RP	FALSE
YLR441C	nRP	FALSE
YPL220W	nRP	TRUE
YNL031C	RP	FALSE
YML026C	nRP	FALSE
YBL072C	nRP	FALSE
YER056C	RP	TRUE
YBL092W	nRP	TRUE
YIL052C	nRP	TRUE
YBR068C	nRP	TRUE
YML024W	RP	FALSE
YGL189C	RP	FALSE
YDL055C	RP	TRUE
YDL061C	RP	FALSE
YHR141C	nRP	TRUE
YGL076C	RP	TRUE
YLR366W	nRP	TRUE
YOR312C	nRP	TRUE
YMR186W	RP	TRUE
YML073C	nRP	TRUE
YDR471W	nRP	TRUE
YDL191W	RP	TRUE
YBL003C	nRP	FALSE
YGL031C	nRP	FALSE
YJL190C	RP	FALSE
YOL121C	nRP	TRUE
YCR031C	nRP	FALSE
YHL001W	RP	FALSE
YNR053C	RP	TRUE
YMR142C	RP	TRUE
YLR388W	RP	FALSE
YLR048W	RP	FALSE
YBL027W	RP	FALSE
YFL039C	nRP	TRUE
YDL083C	nRP	TRUE
YBL087C	nRP	FALSE
YLL024C	nRP	TRUE
YPL198W	nRP	FALSE
YOR293W	nRP	FALSE
YHR018C	RP	TRUE
YMR143W	nRP	FALSE
YGR148C	RP	FALSE
YOL127W	RP	FALSE
YDR224C	nRP	FALSE
YIL069C	RP	TRUE
YNL209W	nRP	TRUE
YNL069C	nRP	FALSE
YDR450W	RP	FALSE
YLR344W	nRP	FALSE
YIL148W	RP	FALSE
YNL162W	RP	FALSE
YJL034W	RP	TRUE
YMR194W	nRP	TRUE
YER131W	RP	FALSE
YHR203C	nRP	TRUE
YJR104C	nRP	TRUE
YLL045C	nRP	FALSE
YOL058W	nRP	TRUE
YBR191W	nRP	TRUE
YNL096C	nRP	FALSE
YDR502C	RP	FALSE
YER074W	nRP	TRUE
YDL136W	nRP	FALSE
YGR027C	nRP	TRUE
YEL040W	nRP	FALSE
YER043C	nRP	FALSE
YML058W	RP	TRUE
YNL301C	nRP	FALSE
YCL030C	RP	FALSE
YBR078W	RP	FALSE
YER091C	nRP	TRUE
YER073W	nRP	FALSE
YEL027W	nRP	FALSE
YDR500C	RP	TRUE
YPL061W	nRP	FALSE
YOR235W	RP	FALSE
YLR448W	nRP	TRUE
YDR154C	nRP	TRUE
YDR278C	nRP	TRUE
YOR234C	nRP	TRUE
YMR230W	nRP	TRUE
YJL136C	nRP	TRUE
YDR447C	nRP	TRUE
YJL177W	RP	TRUE
YEL009C	RP	FALSE
YDR345C	nRP	TRUE
YDR025W	nRP	TRUE
YJR073C	RP	TRUE
YBR048W	RP	TRUE
YEL046C	RP	FALSE
YKR057W	nRP	FALSE
YMR242C	nRP	TRUE
YGL253W	nRP	FALSE
YNL112W	RP	FALSE
YHR175W	nRP	FALSE
YJR145C	RP	FALSE
YGL147C	nRP	FALSE
YLR185W	RP	FALSE
YPR145W	RP	TRUE
YCR005C	nRP	FALSE
YDR158W	RP	TRUE
YCL025C	nRP	TRUE
YGR159C	nRP	TRUE
YDR381W	nRP	FALSE
YOL109W	nRP	FALSE
YLR300W	RP	FALSE
YFL045C	RP	TRUE
YER055C	nRP	TRUE
YLR333C	RP	TRUE
YGR234W	nRP	FALSE
YDR155C	nRP	FALSE
YPR035W	RP	TRUE
YDR399W	RP	FALSE
YKL156W	nRP	FALSE
YDL192W	nRP	TRUE
YBR031W	RP	FALSE
YGR254W	nRP	TRUE
YML056C	RP	TRUE
YDL014W	nRP	TRUE
YDR012W	RP	FALSE
YHR071W	nRP	FALSE
YHR162W	nRP	TRUE
YHR007C	nRP	TRUE
YNL142W	nRP	TRUE
YKR094C	RP	FALSE
YPL231W	nRP	FALSE
YNL244C	RP	FALSE
YDR276C	RP	FALSE
YHR128W	nRP	FALSE
YHR183W	nRP	TRUE
YJL158C	RP	TRUE
YKL216W	nRP	TRUE
YDL082W	RP	TRUE
YHR094C	RP	FALSE
YBL002W	nRP	FALSE
YGR157W	nRP	FALSE
YLR150W	RP	TRUE
YOR210W	RP	FALSE
YNL064C	RP	FALSE
YFL026W	nRP	FALSE
YGR155W	nRP	TRUE
YGR055W	RP	FALSE
YDL198C	nRP	FALSE
YDR385W	nRP	TRUE
YLR175W	nRP	FALSE
YBR196C	RP	TRUE
YFL031W	RP	FALSE
YLR293C	RP	FALSE
YMR307W	nRP	FALSE
YBL030C	RP	FALSE
YDR508C	nRP	TRUE
YCR064C	RP	TRUE
YER177W	RP	TRUE
YPL037C	nRP	FALSE
YGR183C	nRP	FALSE
YGR214W	RP	TRUE
YDR033W	nRP	TRUE
YOR375C	nRP	TRUE
YBR025C	RP	TRUE
YAL005C	nRP	TRUE
YOR133W	nRP	TRUE
YEL026W	RP	TRUE
YJR016C	nRP	TRUE
YMR260C	RP	TRUE
YNL145W	nRP	TRUE
YLR109W	nRP	TRUE
YJR105W	nRP	TRUE
YJL159W	nRP	FALSE
YDR037W	RP	TRUE
YJR048W	nRP	FALSE
YMR145C	RP	FALSE
YOR310C	RP	FALSE
YNL281W	RP	FALSE
YCL018W	RP	FALSE
YDR035W	nRP	FALSE
YGL055W	RP	TRUE
YBR249C	RP	FALSE
YOR309C	RP	TRUE
YDL125C	RP	TRUE
YDR341C	RP	TRUE
YDR157W	nRP	TRUE
YOR344C	nRP	FALSE
YLR043C	nRP	TRUE
YDR133C	RP	FALSE
YLR074C	nRP	TRUE
YPR052C	nRP	FALSE
YBL039C	nRP	FALSE
YML028W	nRP	FALSE
YGL077C	nRP	TRUE
YBR101C	nRP	FALSE
YGR086C	RP	TRUE
YPR074C	nRP	TRUE
YDR233C	RP	TRUE
YLR058C	RP	TRUE
YBR256C	nRP	TRUE
YJR121W	nRP	FALSE
YIL116W	RP	TRUE
YPL274W	RP	TRUE
YPL093W	RP	FALSE
YLR197W	RP	TRUE
YEL071W	RP	FALSE
YML106W	nRP	FALSE
YOR045W	RP	FALSE
YPL135W	RP	TRUE
YHR089C	nRP	TRUE
YMR217W	RP	TRUE
YGL117W	RP	FALSE
YJR109C	RP	FALSE
YNL220W	nRP	FALSE
YER070W	nRP	TRUE
YML008C	nRP	FALSE
YJL138C	nRP	TRUE
YLR168C	RP	FALSE
YBR143C	nRP	TRUE
YLR153C	RP	TRUE
YOR204W	nRP	TRUE
YKL009W	RP	TRUE
YOR020C	nRP	FALSE
YGR253C	RP	TRUE
YDL067C	nRP	FALSE
YLR257W	RP	FALSE
YNL141W	RP	TRUE
YJR025C	RP	FALSE
YER133W	RP	TRUE
YPL250C	RP	FALSE
YPL240C	nRP	FALSE
YJR077C	nRP	FALSE
YOR303W	RP	FALSE
YPR110C	RP	FALSE
YGL255W	RP	FALSE
YOR078W	nRP	FALSE
YDR346C	nRP	TRUE
YGR175C	RP	TRUE
YHR020W	RP	TRUE
YLR009W	nRP	TRUE
YDL182W	RP	FALSE
YDR024W	nRP	FALSE
YMR303C	RP	FALSE
YIL078W	nRP	FALSE
YER126C	RP	TRUE
YDL131W	nRP	TRUE
YER165W	RP	TRUE
YDR174W	nRP	FALSE
YBR106W	RP	FALSE
YDR441C	nRP	TRUE
YML022W	RP	TRUE
YPR041W	RP	TRUE
YJL153C	RP	TRUE
YKR059W	RP	TRUE
YER072W	RP	FALSE
YNL190W	RP	TRUE
YNL255C	RP	TRUE
YER036C	nRP	FALSE
YPL028W	nRP	FALSE
YOR095C	RP	TRUE
YBR034C	nRP	FALSE
YDR461W	RP	TRUE
YPR138C	RP	FALSE
YDR002W	nRP	FALSE
YJL088W	nRP	FALSE
YPR016C	nRP	TRUE
YJR018W	nRP	TRUE
YDR429C	RP	TRUE
YNL007C	nRP	FALSE
YDL070W	nRP	TRUE
YFR055W	nRP	FALSE
YPL218W	RP	FALSE
YDR226W	nRP	FALSE
YLR259C	RP	FALSE
YPR028W	nRP	FALSE
YBL042C	RP	FALSE
YOR224C	RP	FALSE
YBR069C	nRP	FALSE
YKL120W	RP	TRUE
YOR276W	RP	FALSE
YPL237W	RP	FALSE
YDR023W	RP	FALSE
YLR342W	nRP	FALSE
YPR187W	RP	FALSE
YGR282C	nRP	FALSE
YBR127C	RP	TRUE
YGR060W	nRP	TRUE
YNL010W	RP	FALSE
YDR433W	RP	TRUE
YGR240C	nRP	FALSE
YNL104C	RP	FALSE
YNL169C	RP	FALSE
YLR008C	RP	TRUE
YMR079W	nRP	FALSE
YGL225W	nRP	FALSE
YJR045C	RP	FALSE
YER052C	RP	FALSE
YEL063C	RP	TRUE
YBR154C	nRP	TRUE
YNL231C	nRP	FALSE
YLR304C	RP	TRUE
YBR145W	nRP	TRUE
YHR208W	RP	FALSE
YML123C	nRP	TRUE
YKL182W	RP	FALSE
YLL050C	RP	TRUE
YLR180W	RP	TRUE
YGR189C	RP	TRUE
YPR149W	nRP	TRUE
YPR163C	nRP	FALSE
YMR108W	nRP	TRUE
YER025W	RP	TRUE
YDL137W	RP	FALSE
YNL002C	nRP	TRUE
YDL208W	RP	TRUE
YGR063C	nRP	TRUE
YBR104W	nRP	FALSE
YER094C	RP	FALSE
YLR372W	RP	TRUE
YJL151C	RP	TRUE
YMR146C	RP	TRUE
YNL135C	RP	FALSE
YGL009C	nRP	FALSE
YMR241W	nRP	FALSE
YDR086C	nRP	TRUE
YFL038C	nRP	FALSE
YDR046C	RP	TRUE
YLR027C	nRP	TRUE
YML012W	nRP	FALSE
YBL076C	RP	TRUE
YML009C	nRP	TRUE
YML052W	nRP	TRUE
YBR162C	RP	TRUE
YDR432W	nRP	FALSE
YPR062W	nRP	TRUE
YLR130C	RP	TRUE
YJL148W	RP	FALSE
YGL078C	RP	FALSE
YLR421C	nRP	TRUE
YOR122C	nRP	FALSE
YMR202W	RP	FALSE
YIR034C	RP	TRUE
YOR270C	nRP	FALSE
YLR192C	RP	FALSE
YGL054C	RP	FALSE
YPL094C	RP	TRUE
YMR062C	nRP	FALSE
YOR222W	RP	FALSE
YKL172W	RP	FALSE
YDL185W	nRP	TRUE
YBL041W	nRP	FALSE
YER069W	RP	FALSE
YGR285C	RP	TRUE
YOL139C	nRP	FALSE
YNL111C	RP	FALSE
YNL052W	RP	TRUE
YJR007W	RP	FALSE
YMR205C	nRP	FALSE
YOR202W	nRP	TRUE
YPL013C	nRP	FALSE
YDR377W	nRP	FALSE
YPL106C	RP	FALSE
YNL044W	nRP	TRUE
YCL043C	nRP	FALSE
YBR079C	RP	TRUE
YOR361C	RP	TRUE
YOL059W	RP	TRUE
YGL187C	nRP	TRUE
YBR121C	RP	FALSE
YPL234C	nRP	FALSE
YEL021W	RP	FALSE
YGL122C	RP	TRUE
YPR100W	nRP	TRUE
YLR354C	nRP	TRUE
YOL143C	RP	FALSE
YHR026W	RP	FALSE
YPR010C	nRP	TRUE
YDL147W	RP	TRUE
YNL130C	nRP	FALSE
YOL136C	nRP	FALSE
YDL051W	nRP	TRUE
YER145C	RP	TRUE
YIL094C	RP	FALSE
YJL143W	nRP	FALSE
YNL110C	RP	FALSE
YHR051W	nRP	TRUE
YGR037C	nRP	FALSE
YLR432W	nRP	FALSE
YMR123W	RP	TRUE
YJR014W	RP	FALSE
YHR052W	RP	FALSE
YDR378C	nRP	TRUE
YLR038C	nRP	TRUE
YNL066W	RP	FALSE
YOR145C	nRP	TRUE
YML126C	RP	TRUE
YBR187W	RP	TRUE
YLR179C	RP	FALSE
YLR295C	RP	FALSE
YDR449C	RP	FALSE
YOR302W	nRP	TRUE
YJL167W	nRP	TRUE
YGR280C	RP	FALSE
YGL226W	nRP	TRUE
YKL058W	RP	FALSE
YDR353W	nRP	TRUE
YML108W	RP	TRUE
YDR101C	nRP	FALSE
YLR414C	RP	FALSE
YGR121C	nRP	TRUE
YEL048C	RP	TRUE
YJR070C	nRP	FALSE
YER156C	RP	TRUE
YAL035W	RP	FALSE
YGL105W	nRP	FALSE
YAL036C	RP	TRUE
YER044C	nRP	FALSE
YNL179C	RP	FALSE
YDR384C	nRP	TRUE
YNL149C	RP	TRUE
YPR166C	RP	FALSE
YLR056W	RP	TRUE
YJL122W	RP	TRUE
YDR127W	nRP	FALSE
YGR094W	RP	FALSE
YFR033C	RP	TRUE
YHL011C	nRP	FALSE
YCR034W	nRP	TRUE
YCL009C	nRP	TRUE
YLR112W	nRP	TRUE
YNL134C	RP	TRUE
YGR185C	RP	TRUE
YHR170W	RP	TRUE
YNR016C	nRP	TRUE
YOR203W	nRP	FALSE
YPL273W	RP	TRUE
YGL029W	RP	FALSE
YNL079C	RP	TRUE
YGL245W	nRP	FALSE
YMR015C	nRP	FALSE
YOL010W	nRP	FALSE
YGR187C	RP	TRUE
YBL099W	nRP	FALSE
YDL236W	nRP	FALSE
YBR158W	RP	FALSE
YBR092C	RP	TRUE
YMR083W	RP	FALSE
YDR519W	RP	FALSE
YJL111W	nRP	TRUE
YPL211W	nRP	FALSE
YOR294W	nRP	FALSE
YPR053C	RP	FALSE
YDL084W	nRP	FALSE
YKL096W	nRP	TRUE
YJL091C	nRP	FALSE
YBR029C	RP	TRUE
YPL117C	RP	TRUE
YJR112W	RP	TRUE
YIL079C	RP	FALSE
YNR017W	nRP	TRUE
YKL164C	nRP	FALSE
YLR196W	RP	FALSE
YHL020C	nRP	TRUE
YNL289W	nRP	FALSE
YHR193C	RP	FALSE
YOR332W	nRP	TRUE
YNL251C	RP	TRUE
YBR248C	nRP	TRUE
YDR188W	RP	TRUE
YHR196W	nRP	TRUE
YDL227C	nRP	TRUE
YBR002C	nRP	TRUE
YMR309C	RP	FALSE
YNR018W	nRP	TRUE
YGR135W	nRP	TRUE
YDL066W	RP	FALSE
YPR113W	nRP	FALSE
YOR187W	nRP	TRUE
YPL225W	RP	TRUE
YDR045C	nRP	TRUE
YNL055C	RP	FALSE
YIL142W	RP	FALSE
YBR262C	nRP	TRUE
YLR286C	nRP	TRUE
YOL020W	nRP	FALSE
YNL061W	nRP	TRUE
YJL140W	nRP	FALSE
YER001W	RP	TRUE
YLR405W	nRP	TRUE
YDL126C	RP	TRUE
YER009W	nRP	TRUE
YDR087C	nRP	FALSE
YLR245C	RP	FALSE
YER035W	nRP	FALSE
YBR177C	RP	FALSE
YER148W	nRP	FALSE
YKL190W	RP	TRUE
YDL047W	RP	FALSE
YDR454C	RP	TRUE
YLR294C	RP	TRUE
YER124C	nRP	TRUE
YPR060C	RP	TRUE
YOL126C	nRP	FALSE
YJL001W	nRP	FALSE
YKR043C	RP	FALSE
YJR103W	nRP	FALSE
YIL035C	nRP	FALSE
YOL038W	RP	FALSE
YLR051C	RP	FALSE
YDR398W	nRP	TRUE
YFL032W	RP	FALSE
YLR435W	nRP	TRUE
YBR171W	RP	FALSE
YHR179W	nRP	FALSE
YDR404C	RP	TRUE
YAL023C	nRP	FALSE
YJL166W	nRP	TRUE
YDL212W	RP	FALSE
YDR298C	RP	TRUE
YBR283C	RP	TRUE
YER002W	nRP	TRUE
YBL018C	RP	FALSE
YPR165W	nRP	FALSE
YLR447C	nRP	TRUE
YHR142W	RP	FALSE
YBR267W	RP	TRUE
YHR019C	RP	TRUE
YBL040C	nRP	TRUE
YLR022C	nRP	TRUE
YNL268W	RP	TRUE
YMR131C	nRP	TRUE
YPL078C	RP	TRUE
YGR103W	nRP	TRUE
YCL059C	nRP	TRUE
YOR052C	nRP	TRUE
YOR157C	RP	TRUE
YGR267C	RP	FALSE
YOR335C	RP	FALSE
YGR079W	nRP	FALSE
YKL196C	RP	TRUE
YJR139C	RP	FALSE
YJR064W	RP	FALSE
YKL117W	nRP	FALSE
YOL077C	RP	TRUE
YGR024C	nRP	TRUE
YOR108W	nRP	FALSE
YGL148W	nRP	FALSE
YIL062C	RP	FALSE
YGR124W	RP	FALSE
YPR036W	nRP	FALSE
YOR089C	nRP	FALSE
YGR264C	nRP	TRUE
YIL051C	RP	FALSE
YLR170C	nRP	TRUE
YOR317W	RP	TRUE
YGR108W	RP	TRUE
YLR395C	nRP	FALSE
YOR212W	nRP	FALSE
YIL118W	nRP	TRUE
YPR051W	RP	FALSE
YCR035C	nRP	FALSE
YDR361C	nRP	FALSE
YKR081C	nRP	TRUE
YHR049W	RP	FALSE
YOR340C	RP	FALSE
YJR085C	nRP	TRUE
YPR033C	nRP	FALSE
YFR004W	nRP	FALSE
YOR272W	nRP	TRUE
YNL300W	nRP	TRUE
YOR103C	RP	FALSE
YGL101W	RP	TRUE
YML130C	nRP	TRUE
YGR260W	nRP	FALSE
YGL070C	nRP	FALSE
YEL051W	RP	FALSE
YER064C	RP	FALSE
YGR078C	RP	TRUE
YIR012W	nRP	TRUE
YHR064C	nRP	TRUE
YLR348C	nRP	TRUE
YOL012C	RP	TRUE
YPL160W	nRP	TRUE
YHR025W	nRP	TRUE
YHR200W	nRP	FALSE
YOR091W	RP	FALSE
YCL010C	nRP	FALSE
YDR212W	RP	FALSE
YER086W	nRP	FALSE
YNL208W	RP	TRUE
YDR210W	RP	FALSE
YNL004W	nRP	FALSE
YLR129W	nRP	FALSE
YKL181W	RP	TRUE
YFR001W	nRP	FALSE
YKL082C	RP	TRUE
YGR211W	nRP	FALSE
YPL239W	nRP	FALSE
YMR235C	RP	FALSE
YLR172C	RP	TRUE
YBL001C	RP	FALSE
YCL011C	RP	FALSE
YJL130C	RP	FALSE
YAL025C	RP	FALSE
YOR056C	nRP	TRUE
YER012W	nRP	TRUE
YNL153C	RP	TRUE
YNL062C	RP	TRUE
YNL180C	RP	FALSE
YOR226C	nRP	FALSE
YDR397C	RP	TRUE
YNL248C	RP	FALSE
YGL191W	nRP	TRUE
YML092C	nRP	FALSE
YKL211C	RP	FALSE
YLR303W	nRP	FALSE
YML055W	nRP	TRUE
YGL202W	nRP	TRUE
YIL123W	nRP	TRUE
YHR066W	RP	FALSE
YER127W	nRP	TRUE
YOR323C	nRP	TRUE
YDL217C	nRP	TRUE
YOR232W	nRP	TRUE
YHR046C	RP	TRUE
YDL095W	RP	TRUE
YJR063W	nRP	FALSE
YDL201W	nRP	TRUE
YMR216C	nRP	TRUE
YLR359W	nRP	TRUE
YPL212C	RP	TRUE
YCL031C	nRP	TRUE
YLR250W	RP	FALSE
YER006W	nRP	TRUE
YPR169W	nRP	FALSE
YLR100W	nRP	TRUE
YMR246W	nRP	TRUE
YER023W	RP	TRUE
YMR096W	RP	TRUE
YDR411C	RP	TRUE
YOR064C	RP	FALSE
YIL015W	nRP	FALSE
YPL204W	RP	FALSE
YGL068W	RP	TRUE
YDR177W	nRP	TRUE
YGL026C	nRP	TRUE
YIL043C	nRP	TRUE
YMR121C	nRP	FALSE
YGR081C	nRP	TRUE
YPL265W	nRP	FALSE
YDR165W	nRP	TRUE
YDL015C	RP	FALSE
YGR162W	RP	TRUE
YOR101W	RP	FALSE
YOR021C	RP	TRUE
YBR122C	nRP	TRUE
YNR036C	nRP	FALSE
YDR354W	nRP	FALSE
YGR172C	RP	TRUE
YOL061W	nRP	TRUE
YER146W	RP	TRUE
YGL234W	nRP	TRUE
YML116W	RP	TRUE
YKL206C	nRP	FALSE
YBR090C	nRP	FALSE
YLL028W	nRP	TRUE
YIL016W	nRP	TRUE
YDR077W	nRP	TRUE
YDR299W	nRP	TRUE
YOR305W	RP	TRUE
YNL308C	nRP	TRUE
YNL075W	nRP	FALSE
YOR159C	nRP	FALSE
YOL108C	nRP	FALSE
YLR208W	RP	FALSE
YHR088W	nRP	TRUE
YLR073C	nRP	TRUE
YLR113W	RP	TRUE
YDR280W	RP	TRUE
YER089C	nRP	TRUE
YDL097C	nRP	TRUE
YGR106C	RP	FALSE
YAL044C	nRP	TRUE
YGL188C	RP	TRUE
YLL009C	nRP	TRUE
YLL018C	nRP	FALSE
YER021W	nRP	FALSE
YBL095W	nRP	FALSE
YCL037C	RP	FALSE
YCR071C	nRP	FALSE
YGR220C	RP	TRUE
YOL140W	RP	FALSE
YDR190C	RP	TRUE
YMR290C	RP	TRUE
YEL024W	RP	TRUE
YOL092W	RP	FALSE
YBL028C	RP	TRUE
YOL041C	RP	FALSE
YGR210C	RP	TRUE
YOL011W	RP	TRUE
YOR254C	nRP	TRUE
YOL097C	nRP	FALSE
YPL057C	nRP	TRUE
YNL222W	RP	FALSE
YJR069C	RP	TRUE
YOR283W	nRP	FALSE
YPL183C	nRP	FALSE
YPL043W	nRP	FALSE
YDR041W	RP	TRUE
YPR101W	nRP	FALSE
YNR024W	RP	TRUE
YJL014W	RP	FALSE
YKL061W	RP	FALSE
YOR259C	RP	FALSE
YKL160W	RP	TRUE
YML125C	nRP	TRUE
YEL003W	RP	FALSE
YOR360C	nRP	TRUE
YHR163W	RP	TRUE
YCR043C	nRP	FALSE
YDL029W	nRP	TRUE
YDR412W	nRP	FALSE
YCL054W	RP	TRUE
YOR184W	RP	FALSE
YJL157C	nRP	FALSE
YOR206W	nRP	TRUE
YML107C	RP	FALSE
YLR399C	nRP	TRUE
YMR318C	nRP	TRUE
YOR286W	RP	TRUE
YKL027W	RP	TRUE
YBR011C	RP	FALSE
YMR300C	RP	TRUE
YDR047W	nRP	FALSE
YLR060W	nRP	FALSE
YMR002W	nRP	TRUE
YHR190W	RP	FALSE
YOR168W	nRP	FALSE
YDR099W	RP	FALSE
YNL070W	nRP	FALSE
YKL125W	nRP	TRUE
YGR007W	RP	TRUE
YBR077C	RP	FALSE
YOR362C	nRP	FALSE
YBR035C	nRP	TRUE
YDR383C	RP	FALSE
YNL246W	RP	TRUE
YLR347C	nRP	TRUE
YPL004C	nRP	FALSE
YFL010C	RP	FALSE
YJR058C	RP	TRUE
YNL046W	nRP	TRUE
YPL226W	nRP	FALSE
YMR292W	RP	TRUE
YBR153W	RP	TRUE
YHR135C	RP	FALSE
YNL113W	nRP	FALSE
YDL166C	RP	TRUE
YIL145C	nRP	TRUE
YLR003C	nRP	TRUE
YGL200C	RP	TRUE
YMR220W	nRP	TRUE
YPL271W	RP	FALSE
YER092W	RP	TRUE
YGL106W	nRP	TRUE
YER178W	RP	FALSE
YDR172W	nRP	TRUE
YJL008C	nRP	TRUE
YMR236W	nRP	TRUE
YJL110C	nRP	FALSE
YPR020W	RP	FALSE
YOR117W	RP	FALSE
YDR152W	RP	TRUE
YLL008W	RP	TRUE
YJL069C	RP	TRUE
YDR410C	nRP	FALSE
YDL235C	RP	FALSE
YJR101W	nRP	TRUE
YOR043W	nRP	FALSE
YOR209C	nRP	TRUE
YNL154C	nRP	TRUE
YLR221C	nRP	TRUE
YDR365C	RP	FALSE
YPL246C	RP	TRUE
YDR091C	nRP	FALSE
YLR378C	RP	FALSE
YBR036C	RP	TRUE
YPL144W	nRP	FALSE
YDR496C	nRP	FALSE
YDR427W	nRP	TRUE
YER090W	nRP	FALSE
YKL207W	nRP	TRUE
YDR510W	RP	TRUE
YBL056W	RP	FALSE
YDL205C	nRP	TRUE
YLL011W	RP	FALSE
YAL060W	nRP	FALSE
YOR341W	nRP	TRUE
YBR043C	nRP	FALSE
YML121W	nRP	FALSE
YPR069C	RP	TRUE
YIL119C	RP	FALSE
YIL022W	nRP	TRUE
YLL039C	RP	TRUE
YGR167W	RP	TRUE
YDL004W	RP	TRUE
YAL059W	nRP	FALSE
YER159C	nRP	FALSE
YOR198C	nRP	TRUE
YGR082W	nRP	TRUE
YNL005C	RP	FALSE
YCR036W	RP	TRUE
YGL111W	RP	TRUE
YBR067C	RP	TRUE
YGR054W	RP	TRUE
YIL021W	RP	FALSE
YCR053W	nRP	TRUE
YGR180C	nRP	FALSE
YER122C	nRP	FALSE
YPL162C	nRP	TRUE
YDR275W	nRP	TRUE
YGR065C	nRP	FALSE
YLR449W	nRP	TRUE
YPL210C	nRP	TRUE
YMR188C	RP	FALSE
YDR339C	nRP	FALSE
YPL146C	RP	FALSE
YPL243W	RP	TRUE
YNL256W	nRP	FALSE
YOR248W	RP	FALSE
YKR068C	nRP	FALSE
YBL038W	RP	TRUE
YGR195W	nRP	FALSE
YBR268W	nRP	TRUE
YMR195W	RP	TRUE
YLR186W	nRP	FALSE
YCR072C	nRP	FALSE
YER081W	RP	FALSE
YIL008W	RP	FALSE
YIL161W	RP	FALSE
YDR156W	nRP	TRUE
YJL200C	nRP	FALSE
YEL001C	nRP	TRUE
YDL124W	nRP	TRUE
YHR201C	RP	FALSE
YGL011C	RP	FALSE
YER031C	RP	TRUE
YDL202W	nRP	TRUE
YOR357C	RP	TRUE
YPL129W	RP	FALSE
YDR380W	RP	TRUE
YHR148W	nRP	FALSE
YMR200W	nRP	FALSE
YNL098C	nRP	FALSE
YCL036W	nRP	TRUE
YCR002C	RP	TRUE
YOR315W	nRP	FALSE
YML098W	RP	TRUE
YEL031W	RP	FALSE
YHR061C	nRP	FALSE
YOL030W	nRP	TRUE
YJL011C	RP	TRUE
YOR007C	RP	FALSE
YNL306W	nRP	FALSE
YJL104W	nRP	TRUE
YBR115C	RP	FALSE
YCR051W	nRP	FALSE
YJL035C	nRP	TRUE
YPR103W	RP	FALSE
YFL028C	nRP	FALSE
YMR074C	nRP	FALSE
YPR143W	nRP	FALSE
YOR060C	nRP	FALSE
YKL067W	nRP	TRUE
YPR137W	RP	TRUE
YJR002W	RP	TRUE
YDL063C	nRP	TRUE
YDL143W	RP	TRUE
YNL280C	RP	FALSE
YGL048C	RP	TRUE
YGR279C	RP	FALSE
YHR013C	nRP	TRUE
YLR220W	nRP	TRUE
YLR287C	nRP	FALSE
YOR061W	RP	TRUE
YPL111W	nRP	TRUE
YNR041C	RP	FALSE
YML018C	nRP	TRUE
YIR032C	RP	TRUE
YNL307C	nRP	FALSE
YBL024W	nRP	TRUE
YOL052C	nRP	FALSE
YLL038C	RP	TRUE
YOL027C	RP	FALSE
YDR337W	RP	FALSE
YDL153C	nRP	FALSE
YAL012W	RP	TRUE
YGR038W	RP	FALSE
YGL120C	RP	TRUE
YNL090W	nRP	FALSE
YDR173C	nRP	TRUE
YBR082C	nRP	TRUE
YBR242W	nRP	FALSE
YPL256C	RP	TRUE
YOR230W	nRP	FALSE
YBR088C	RP	TRUE
YDR120C	nRP	TRUE
YJR088C	nRP	TRUE
YLR301W	nRP	FALSE
YLR229C	nRP	TRUE
YML001W	RP	TRUE
YGR251W	RP	FALSE
YOR194C	nRP	FALSE
YKR071C	RP	FALSE
YDR395W	nRP	FALSE
YBR287W	RP	FALSE
YFL022C	RP	TRUE
YDR245W	nRP	TRUE
YOR136W	nRP	TRUE
YBR218C	nRP	TRUE
YKL212W	RP	FALSE
YHR005C	nRP	FALSE
YOR119C	RP	TRUE
YPR112C	nRP	FALSE
YNR021W	RP	FALSE
YOR289W	nRP	TRUE
YOR252W	RP	TRUE
YNL131W	RP	FALSE
YMR180C	RP	TRUE
YMR243C	nRP	FALSE
YGR142W	nRP	TRUE
YMR049C	RP	FALSE
YOR370C	RP	FALSE
YOL002C	RP	FALSE
YDR257C	nRP	FALSE
YDR324C	nRP	FALSE
YER049W	nRP	FALSE
YJL004C	RP	TRUE
YMR314W	RP	TRUE
YNL016W	RP	TRUE
YJL123C	nRP	FALSE
YMR269W	RP	TRUE
YGL115W	RP	TRUE
YHR041C	nRP	TRUE
YNL036W	nRP	FALSE
YML007W	nRP	FALSE
YOL006C	RP	TRUE
YKR072C	nRP	FALSE
YBR030W	RP	FALSE
YDL052C	RP	FALSE
YLR292C	nRP	TRUE
YPL207W	nRP	TRUE
YJR097W	RP	FALSE
YKL028W	nRP	FALSE
YKL040C	RP	FALSE
YNL056W	nRP	FALSE
YDR481C	RP	FALSE
YDR214W	nRP	FALSE
YDR352W	RP	FALSE
YGR245C	RP	FALSE
YBR164C	nRP	FALSE
YKR092C	RP	TRUE
YJL026W	nRP	FALSE
YDR140W	RP	FALSE
YIL009W	RP	TRUE
YKL021C	RP	FALSE
YBR279W	nRP	TRUE
YHR167W	RP	FALSE
YDR234W	nRP	FALSE
YGL186C	RP	TRUE
YNR022C	nRP	TRUE
YLR244C	RP	TRUE
YHR137W	nRP	TRUE
YGR204W	RP	TRUE
YGR105W	nRP	FALSE
YJL168C	nRP	TRUE
YHR003C	nRP	TRUE
YAL039C	nRP	FALSE
YKL184W	RP	TRUE
YPL075W	RP	TRUE
YLR033W	nRP	TRUE
YFR009W	RP	FALSE
YPL149W	RP	FALSE
YGL137W	nRP	FALSE
YDL140C	RP	FALSE
YBR091C	RP	FALSE
YML086C	RP	TRUE
YNL232W	RP	TRUE
YDL002C	RP	FALSE
YDR211W	RP	FALSE
YNL006W	RP	TRUE
YLR429W	RP	TRUE
YHR122W	nRP	FALSE
YHR069C	RP	FALSE
YGR269W	RP	TRUE
YLR222C	RP	FALSE
YOR059C	nRP	FALSE
YPL095C	RP	FALSE
YOR025W	RP	FALSE
YNL175C	nRP	FALSE
YGL097W	RP	TRUE
YOR130C	RP	FALSE
YIL158W	nRP	TRUE
YPL118W	RP	FALSE
YGR191W	nRP	TRUE
YHR068W	nRP	FALSE
YHR081W	RP	TRUE
YPL050C	nRP	FALSE
YPL059W	RP	FALSE
YOR261C	RP	FALSE
YDR487C	nRP	TRUE
YPR063C	RP	TRUE
YKR080W	RP	FALSE
YOR099W	RP	FALSE
YMR178W	nRP	FALSE
YDR071C	RP	FALSE
YGL246C	RP	TRUE
YLR224W	nRP	FALSE
YJL055W	RP	FALSE
YLR226W	RP	TRUE
YLR370C	nRP	TRUE
YNL118C	nRP	TRUE
YDL167C	RP	FALSE
YLR133W	RP	FALSE
YDR194C	nRP	FALSE
YLR285W	nRP	TRUE
YGR200C	RP	TRUE
YDR373W	nRP	FALSE
YHR143W	RP	FALSE
YBR159W	RP	TRUE
YEL055C	nRP	FALSE
YOR039W	RP	TRUE
YDL171C	nRP	FALSE
YNR067C	nRP	TRUE
YDL007W	nRP	FALSE
YGR048W	RP	FALSE
YGR173W	RP	TRUE
YOL005C	RP	FALSE
YKR056W	nRP	FALSE
YBL026W	nRP	FALSE
YGL215W	nRP	TRUE
YMR203W	RP	TRUE
YFL027C	RP	FALSE
YOL142W	RP	TRUE
YHR065C	nRP	FALSE
YDR321W	nRP	FALSE
YML048W	RP	FALSE
YNL156C	nRP	FALSE
YDL200C	RP	TRUE
YMR272C	RP	FALSE
YNL330C	RP	TRUE
YOR285W	RP	FALSE
YOR006C	RP	TRUE
YFL037W	RP	FALSE
YOL068C	RP	TRUE
YOL106W	nRP	FALSE
YOR123C	RP	TRUE
YGL012W	RP	TRUE
YLR216C	nRP	TRUE
YMR093W	nRP	FALSE
YPR170C	RP	TRUE
YFL004W	nRP	TRUE
YJL171C	nRP	FALSE
YDR529C	RP	TRUE
YOR348C	RP	TRUE
YBR253W	RP	TRUE
YHR067W	nRP	FALSE
YLR276C	nRP	TRUE
YPR183W	nRP	FALSE
YPL126W	RP	TRUE
YKL016C	nRP	FALSE
YNL065W	RP	TRUE
YDR020C	RP	TRUE
YPL190C	RP	FALSE
YOR094W	nRP	TRUE
YML069W	nRP	TRUE
YNL186W	RP	FALSE
YOR247W	nRP	FALSE
YNL124W	nRP	FALSE
YHR146W	RP	TRUE
YGR229C	RP	FALSE
YDR139C	RP	FALSE
YHR027C	RP	FALSE
YCR065W	RP	FALSE
YEL042W	RP	FALSE
YNL259C	RP	FALSE
YOR004W	nRP	TRUE
YKL209C	RP	TRUE
YPL263C	RP	FALSE
YGR215W	RP	TRUE
YPL145C	RP	FALSE
YOR271C	nRP	TRUE
YBL050W	nRP	FALSE
YIL047C	RP	TRUE
YDL157C	nRP	TRUE
YPR125W	nRP	TRUE
YPL148C	RP	FALSE
YNL137C	nRP	FALSE
YGR158C	nRP	FALSE
YPL232W	RP	TRUE
YBL033C	nRP	FALSE
YJL124C	nRP	TRUE
YGR178C	nRP	TRUE
YOL026C	nRP	FALSE
YDR483W	RP	FALSE
YNR001C	RP	FALSE
YOR151C	nRP	FALSE
YER099C	RP	FALSE
YLR246W	nRP	TRUE
YLR316C	nRP	TRUE
YMR099C	nRP	FALSE
YJR024C	RP	TRUE
YPL091W	nRP	FALSE
YMR072W	RP	TRUE
YIL121W	RP	TRUE
YOR027W	nRP	FALSE
YPR191W	RP	FALSE
YBL045C	nRP	FALSE
YPL157W	RP	TRUE
YNL015W	RP	FALSE
YPL010W	nRP	TRUE
YJR074W	RP	FALSE
YLL037W	RP	TRUE
YOR201C	nRP	FALSE
YHR195W	nRP	FALSE
YDL170W	nRP	FALSE
YDR175C	nRP	FALSE
YDR309C	nRP	TRUE
YEL015W	RP	TRUE
YDR129C	nRP	TRUE
YPL221W	RP	TRUE
YGR207C	nRP	TRUE
YER161C	nRP	FALSE
YOL125W	RP	TRUE
YGR033C	RP	FALSE
YEL002C	RP	FALSE
YBR142W	RP	FALSE
YDR465C	RP	TRUE
YOR196C	RP	FALSE
YHR030C	nRP	TRUE
YJL050W	nRP	TRUE
YPR017C	nRP	TRUE
YKR048C	RP	FALSE
YML075C	nRP	TRUE
YDR161W	RP	FALSE
YJL174W	nRP	FALSE
YPL031C	nRP	TRUE
YPL047W	nRP	FALSE
YIL091C	nRP	FALSE
YGR061C	nRP	TRUE
YKL143W	nRP	TRUE
YNL241C	RP	FALSE
YLR243W	RP	FALSE
YMR266W	RP	FALSE
YMR012W	RP	TRUE
YOR044W	nRP	FALSE
YPR144C	RP	FALSE
YLR409C	nRP	TRUE
YGR147C	RP	FALSE
YCL035C	RP	TRUE
YER120W	RP	TRUE
YPR173C	nRP	FALSE
YNL247W	nRP	TRUE
YDR115W	RP	FALSE
YDL060W	RP	TRUE
YOL064C	RP	TRUE
YNR050C	RP	TRUE
YOR097C	nRP	TRUE
YNL282W	nRP	TRUE
YML074C	RP	FALSE
YKL170W	nRP	FALSE
YNL100W	RP	TRUE
YIL075C	RP	FALSE
YPR066W	RP	FALSE
YEL037C	nRP	FALSE
YBL068W	RP	FALSE
YMR125W	RP	TRUE
YDR016C	RP	FALSE
YER136W	RP	FALSE
YPL181W	nRP	TRUE
YJL208C	RP	FALSE
YIL127C	RP	TRUE
YIR035C	nRP	FALSE
YOR342C	RP	TRUE
YDR372C	nRP	FALSE
YMR256C	nRP	TRUE
YHR006W	RP	FALSE
YGR275W	nRP	FALSE
YBR039W	RP	TRUE
YBR252W	RP	FALSE
YPR058W	RP	FALSE
YNL229C	RP	FALSE
YDR119W	RP	TRUE
YPL245W	nRP	TRUE
YDR408C	RP	FALSE
YGL127C	RP	TRUE
YMR229C	nRP	TRUE
YLR028C	RP	FALSE
YDR238C	nRP	TRUE
YPL179W	RP	TRUE
YOR239W	RP	TRUE
YPL259C	RP	TRUE
YDL160C	RP	FALSE
YOR241W	nRP	FALSE
YMR226C	nRP	FALSE
YDL128W	nRP	TRUE
YMR238W	nRP	FALSE
YJL109C	RP	FALSE
YOR243C	nRP	TRUE
YKL008C	nRP	TRUE
YNL032W	nRP	TRUE
YNL217W	RP	FALSE
YOR213C	nRP	TRUE
YCR082W	nRP	TRUE
YLR420W	RP	FALSE
YLR079W	nRP	FALSE
YDR528W	RP	FALSE
YDL111C	nRP	FALSE
YGL019W	nRP	FALSE
YDL178W	nRP	TRUE
YJR076C	RP	FALSE
YLR261C	RP	TRUE
YLR407W	nRP	TRUE
YKR014C	RP	FALSE
YLR413W	RP	TRUE
YDR060W	RP	TRUE
YBL036C	RP	TRUE
YDL121C	RP	TRUE
YPL170W	nRP	FALSE
YML064C	RP	FALSE
YNL129W	nRP	TRUE
YIL027C	RP	TRUE
YPL217C	nRP	TRUE
YGR119C	RP	FALSE
YGR231C	RP	TRUE
YHR085W	RP	FALSE
YJL117W	RP	TRUE
YLR094C	RP	FALSE
YFL005W	RP	TRUE
YML129C	RP	TRUE
YHL034C	RP	TRUE
YNL327W	RP	FALSE
YGL198W	nRP	TRUE
YDR184C	RP	TRUE
YDR098C	RP	FALSE
YKL192C	RP	TRUE
YHR147C	RP	TRUE
YDL148C	nRP	FALSE
YBR291C	nRP	FALSE
YGR017W	nRP	FALSE
YER141W	RP	TRUE
YLR083C	RP	TRUE
YNL001W	RP	FALSE
YPL127C	RP	FALSE
YFL021W	nRP	FALSE
YAL042W	nRP	TRUE
YBL074C	nRP	FALSE
YPL053C	RP	TRUE
YDL022W	RP	TRUE
YDL213C	RP	TRUE
YLL026W	RP	FALSE
YDR153C	nRP	FALSE
YCR057C	RP	TRUE
YGL028C	RP	FALSE
YLL020C	nRP	TRUE
YMR308C	RP	FALSE
YDR492W	nRP	FALSE
YDL116W	nRP	TRUE
YGL058W	nRP	FALSE
YJL048C	nRP	TRUE
YJL052W	RP	TRUE
YIL064W	RP	TRUE
YOR311C	nRP	TRUE
YJR075W	nRP	TRUE
YDL150W	RP	TRUE
YEL044W	RP	TRUE
YNL147W	nRP	TRUE
YMR080C	RP	TRUE
YHL027W	nRP	TRUE
YIL103W	nRP	TRUE
YHR077C	RP	FALSE
YGR152C	nRP	FALSE
YDR062W	nRP	TRUE
YDR524C	nRP	FALSE
YOR104W	RP	TRUE
YML030W	RP	FALSE
YPR034W	RP	FALSE
YBL006C	RP	TRUE
YPL114W	RP	TRUE
YJL115W	RP	TRUE
YOR062C	nRP	TRUE
YML038C	nRP	TRUE
YLL029W	RP	TRUE
YFR051C	nRP	FALSE
YBR070C	RP	TRUE
YPR114W	RP	TRUE
YFR011C	nRP	FALSE
YPL064C	nRP	FALSE
YLR204W	nRP	TRUE
YDL100C	RP	FALSE
YBR052C	RP	FALSE
YBR290W	RP	FALSE
YNL157W	nRP	TRUE
YPR174C	RP	TRUE
YOR158W	nRP	TRUE
YCL056C	nRP	FALSE
YJL002C	nRP	TRUE
YLL014W	nRP	FALSE
YLR093C	RP	TRUE
YNL037C	nRP	TRUE
YDL226C	RP	TRUE
YML082W	RP	TRUE
YGR283C	nRP	TRUE
YER095W	RP	TRUE
YKL043W	nRP	TRUE
YMR267W	nRP	FALSE
YBR084W	RP	FALSE
YCR016W	RP	TRUE
YPL244C	RP	TRUE
YDL010W	RP	FALSE
YIL138C	RP	FALSE
YPR088C	nRP	FALSE
YJR072C	nRP	FALSE
YMR117C	RP	TRUE
YPL019C	nRP	FALSE
YGL126W	RP	FALSE
YDL179W	RP	TRUE
YGR295C	RP	TRUE
YPR108W	RP	TRUE
YNL151C	RP	FALSE
YJR065C	RP	TRUE
YNL063W	RP	TRUE
YLR412W	nRP	FALSE
YBR109C	nRP	TRUE
YBR120C	nRP	TRUE
YLR120C	RP	FALSE
YAL016W	nRP	TRUE
YML113W	nRP	TRUE
YPR159W	nRP	TRUE
YKL099C	RP	TRUE
YLL034C	RP	FALSE
YGL001C	nRP	FALSE
YJR144W	nRP	FALSE
YLR194C	nRP	FALSE
YMR134W	RP	FALSE
YNL312W	RP	TRUE
YIL110W	nRP	FALSE
YGR030C	RP	FALSE
YJL098W	RP	TRUE
YOR257W	nRP	FALSE
YDR304C	nRP	FALSE
YHR024C	RP	FALSE
YKR099W	RP	TRUE
YDR262W	nRP	FALSE
YGL224C	RP	TRUE
YAL007C	RP	TRUE
YNL164C	nRP	FALSE
YNL022C	nRP	TRUE
YOR065W	RP	TRUE
YDR075W	nRP	FALSE
YDL033C	nRP	FALSE
YIL041W	RP	TRUE
YKR007W	nRP	TRUE
YNL003C	RP	TRUE
YER068W	RP	TRUE
YPL264C	nRP	FALSE
YMR022W	RP	TRUE
YPR065W	RP	FALSE
YDR056C	RP	TRUE
YPR024W	RP	FALSE
YDR054C	nRP	FALSE
YDL074C	nRP	FALSE
YDL072C	nRP	FALSE
YDR055W	RP	TRUE
YDR460W	RP	FALSE
YPL235W	nRP	FALSE
YHR012W	nRP	TRUE
YDR168W	nRP	FALSE
YKL142W	nRP	FALSE
YPL173W	nRP	TRUE
YDL232W	nRP	TRUE
YNR061C	RP	FALSE
YBR221C	RP	TRUE
YDR052C	nRP	TRUE
YKL186C	RP	FALSE
YIL076W	nRP	TRUE
YJR008W	RP	FALSE
YGR235C	nRP	TRUE
YNL101W	RP	TRUE
YDR527W	nRP	TRUE
YAL033W	RP	FALSE
YHR134W	nRP	FALSE
YFR034C	RP	FALSE
YBL102W	nRP	TRUE
YNL207W	nRP	TRUE
YKL113C	nRP	FALSE
YHR057C	nRP	FALSE
YJR017C	nRP	FALSE
YER082C	nRP	TRUE
YGL210W	RP	FALSE
YNL177C	RP	FALSE
YNL313C	nRP	TRUE
YIL134W	nRP	TRUE
YNR026C	RP	FALSE
YPL046C	RP	TRUE
YKL085W	RP	FALSE
YHR059W	nRP	TRUE
YNR035C	nRP	FALSE
YFL016C	RP	TRUE
YKL218C	RP	TRUE
YKL145W	RP	TRUE
YJL121C	RP	TRUE
YDR514C	nRP	FALSE
YDR444W	RP	FALSE
YIL130W	nRP	FALSE
YMR071C	RP	FALSE
YKL205W	RP	TRUE
YHR042W	RP	FALSE
YLR066W	RP	FALSE
YBL057C	RP	TRUE
YKL191W	nRP	FALSE
YOR001W	RP	TRUE
YML017W	nRP	FALSE
YLR262C	nRP	FALSE
YGL209W	nRP	TRUE
YKL166C	RP	TRUE
YNR019W	RP	TRUE
YCR095C	RP	FALSE
YCR003W	RP	FALSE
YOR319W	RP	TRUE
YLR107W	RP	TRUE
YDL175C	nRP	FALSE
YNL123W	nRP	FALSE
YEL007W	nRP	FALSE
YMR295C	RP	FALSE
YMR211W	RP	FALSE
YMR291W	RP	FALSE
YIL093C	nRP	TRUE
YKL065C	nRP	TRUE
YMR058W	nRP	FALSE
YML105C	nRP	FALSE
YKL114C	RP	FALSE
YBR172C	nRP	TRUE
YGL207W	nRP	FALSE
YKL150W	nRP	FALSE
YBR166C	nRP	TRUE
YJR117W	nRP	FALSE
YGR145W	nRP	TRUE
YDL122W	nRP	TRUE
YPL088W	nRP	TRUE
YPL105C	nRP	FALSE
YPL058C	RP	FALSE
YCR027C	nRP	FALSE
YDL086W	RP	FALSE
YBR192W	RP	FALSE
YAL014C	nRP	FALSE
YOL031C	RP	TRUE
YLR034C	RP	FALSE
YMR011W	RP	FALSE
YLR068W	nRP	TRUE
YJR067C	nRP	FALSE
YPL012W	nRP	FALSE
YDR201W	RP	TRUE
YKL185W	RP	FALSE
YKL109W	RP	FALSE
YGR057C	RP	FALSE
YGR026W	RP	TRUE
YLR275W	nRP	TRUE
YGR165W	nRP	FALSE
YOR236W	RP	FALSE
YDR072C	RP	FALSE
YGR123C	RP	FALSE
YDL195W	nRP	TRUE
YOR355W	nRP	TRUE
YJR056C	nRP	FALSE
YBL090W	nRP	FALSE
YBR133C	RP	FALSE
YOR359W	RP	TRUE
YDR424C	nRP	TRUE
YBR015C	nRP	TRUE
YKL051W	nRP	TRUE
YHR039C	nRP	TRUE
YKL210W	nRP	FALSE
YPR094W	RP	TRUE
YBR263W	nRP	TRUE
YOR316C	RP	TRUE
YHR169W	nRP	FALSE
YGR020C	RP	TRUE
YJL179W	nRP	FALSE
YOL144W	nRP	TRUE
YNL221C	nRP	TRUE
YJR057W	RP	FALSE
YNL261W	RP	FALSE
YGL220W	nRP	TRUE
YOR042W	nRP	FALSE
YLR401C	RP	FALSE
YIR022W	RP	FALSE
YGR132C	nRP	FALSE
YBR146W	RP	TRUE
YJR032W	RP	TRUE
YHL003C	nRP	FALSE
YOL107W	RP	TRUE
YER183C	nRP	TRUE
YML035C	nRP	FALSE
YLR065C	nRP	TRUE
YEL013W	RP	FALSE
YGR284C	nRP	FALSE
YML124C	nRP	TRUE
YPR129W	RP	TRUE
YFR041C	RP	TRUE
YPR139C	RP	TRUE
YIL090W	nRP	FALSE
YMR286W	nRP	FALSE
YLR002C	nRP	TRUE
YBL055C	RP	TRUE
YNL182C	nRP	TRUE
YKL110C	RP	FALSE
YER058W	nRP	FALSE
YNL286W	nRP	FALSE
YDL049C	RP	FALSE
YPL063W	RP	TRUE
YHL006C	RP	TRUE
YPL042C	nRP	TRUE
YOR085W	RP	FALSE
YGL161C	RP	TRUE
YPR057W	nRP	FALSE
YNL024C	RP	FALSE
YML115C	nRP	TRUE
YGL157W	RP	FALSE
YDR178W	RP	FALSE
YGL056C	nRP	TRUE
YOR390W	nRP	FALSE
YDR232W	RP	FALSE
YNL048W	nRP	TRUE
YHR123W	RP	TRUE
YDL020C	nRP	TRUE
YOR098C	RP	TRUE
YNL284C	nRP	FALSE
YMR014W	nRP	TRUE
YNL287W	RP	FALSE
YLR147C	RP	FALSE
YLR191W	RP	FALSE
YGR177C	RP	TRUE
YPR133C	nRP	TRUE
YLR387C	nRP	TRUE
YOL149W	nRP	TRUE
YJL012C	RP	FALSE
YGR084C	RP	TRUE
YOR297C	RP	FALSE
YDR272W	RP	TRUE
YAR003W	nRP	TRUE
YJL044C	nRP	FALSE
YOR327C	nRP	TRUE
YER134C	nRP	FALSE
YFR050C	nRP	FALSE
YER060W	RP	TRUE
YMR059W	RP	FALSE
YPR148C	RP	FALSE
YER110C	RP	TRUE
YOL062C	nRP	FALSE
YJL010C	RP	FALSE
YPL048W	nRP	FALSE
YJL125C	nRP	TRUE
YDR196C	RP	FALSE
YPL175W	RP	TRUE
YLR052W	nRP	TRUE
YNL252C	nRP	FALSE
YKL137W	nRP	FALSE
YJR133W	RP	TRUE
YHR133C	RP	TRUE
YEL018W	nRP	FALSE
YGL022W	nRP	FALSE
YJL183W	RP	TRUE
YMR319C	RP	TRUE
YPL086C	nRP	FALSE
YPL260W	nRP	FALSE
YCL001W	nRP	TRUE
YDR478W	RP	TRUE
YPR194C	RP	TRUE
YDR281C	RP	TRUE
YFR040W	RP	FALSE
YGR156W	RP	TRUE
YDR296W	RP	FALSE
YGL211W	nRP	FALSE
YDL092W	nRP	TRUE
YBR144C	nRP	TRUE
YOL115W	nRP	FALSE
YDL046W	RP	FALSE
YNR043W	nRP	TRUE
YIL084C	nRP	TRUE
YBR207W	RP	FALSE
YFL017C	RP	FALSE
YJR054W	nRP	TRUE
YOL124C	nRP	FALSE
YNL254C	nRP	TRUE
YDL231C	RP	FALSE
YBR096W	RP	FALSE
YIL023C	nRP	FALSE
YGR161C	nRP	TRUE
YPR158W	RP	TRUE
YJL053W	nRP	TRUE
YPL023C	RP	TRUE
YDL135C	nRP	FALSE
YIL019W	RP	FALSE
YGR128C	RP	FALSE
YEL058W	RP	TRUE
YJL134W	nRP	TRUE
YJL063C	RP	TRUE
YOR079C	nRP	FALSE
YJR147W	nRP	FALSE
YKL144C	nRP	FALSE
YGR040W	nRP	FALSE
YPR004C	nRP	FALSE
YJR060W	RP	FALSE
YDL209C	RP	FALSE
YDR394W	RP	FALSE
YEL047C	nRP	FALSE
YLR291C	nRP	TRUE
YDL181W	nRP	FALSE
YFR052W	nRP	FALSE
YPL138C	nRP	TRUE
YML067C	RP	FALSE
YML085C	nRP	TRUE
YNR012W	RP	TRUE
YMR233W	RP	FALSE
YGL171W	nRP	FALSE
YKL039W	nRP	TRUE
YPR188C	RP	TRUE
YJL082W	nRP	TRUE
YJL201W	RP	TRUE
YBR086C	nRP	FALSE
YAR014C	nRP	FALSE
YHR070W	nRP	FALSE
YDR235W	RP	FALSE
YNR037C	RP	TRUE
YNL038W	RP	FALSE
YML023C	nRP	FALSE
YJL198W	nRP	TRUE
YDR347W	nRP	TRUE
YCR028C	RP	TRUE
YMR199W	nRP	FALSE
YGR062C	RP	FALSE
YHR197W	nRP	TRUE
YHR063C	RP	TRUE
YLR171W	RP	FALSE
YBL093C	RP	TRUE
YDR076W	RP	FALSE
YOR337W	RP	TRUE
YCL050C	RP	FALSE
YLR328W	nRP	FALSE
YDR110W	nRP	TRUE
YNL294C	RP	FALSE
YOR253W	nRP	FALSE
YBL107C	nRP	TRUE
YML078W	nRP	FALSE
YNR052C	nRP	FALSE
YOR026W	nRP	TRUE
YDR415C	nRP	FALSE
YHR072W	nRP	FALSE
YOR367W	RP	FALSE
YPL252C	RP	TRUE
YOL093W	nRP	TRUE
YNL108C	nRP	FALSE
YOR051C	nRP	FALSE
YMR088C	nRP	TRUE
YCR009C	nRP	FALSE
YGR257C	RP	TRUE
YPL001W	nRP	FALSE
YJL097W	nRP	FALSE
YLR390W	nRP	TRUE
YMR296C	nRP	FALSE
YOL088C	RP	FALSE
YFL024C	RP	TRUE
YPL262W	RP	TRUE
YOR165W	nRP	TRUE
YBR265W	RP	FALSE
YBR155W	RP	TRUE
YDL031W	RP	TRUE
YPL049C	RP	TRUE
YGR202C	nRP	TRUE
YNR003C	RP	FALSE
YJR124C	nRP	FALSE
YML043C	nRP	TRUE
YIL106W	RP	TRUE
YOL098C	nRP	TRUE
YER123W	RP	TRUE
YKL165C	nRP	TRUE
YDR532C	RP	TRUE
YOR273C	RP	FALSE
YNL084C	nRP	FALSE
YPR119W	nRP	FALSE
YNL328C	RP	FALSE
YIL063C	nRP	TRUE
YKR008W	nRP	TRUE
YGL040C	RP	FALSE
YBR246W	nRP	TRUE
YOL123W	RP	TRUE
YLR199C	RP	TRUE
YMR277W	RP	FALSE
YJR051W	RP	FALSE
YKL195W	RP	FALSE
YPR181C	nRP	FALSE
YML110C	nRP	TRUE
YER004W	RP	FALSE
YLR452C	nRP	TRUE
YDR019C	RP	FALSE
YOR153W	nRP	FALSE
YKL057C	RP	FALSE
YJL186W	RP	TRUE
YDR195W	RP	TRUE
YJR001W	RP	TRUE
YNL206C	nRP	TRUE
YLR078C	RP	FALSE
YER029C	nRP	FALSE
YML127W	RP	TRUE
YOR148C	RP	FALSE
YGL167C	RP	FALSE
YPR190C	RP	FALSE
YGR208W	RP	FALSE
YDR328C	RP	TRUE
YDL219W	nRP	TRUE
YDR316W	RP	FALSE
YIL085C	RP	TRUE
YJL096W	RP	FALSE
YBR160W	nRP	FALSE
YGL020C	nRP	FALSE
YOL019W	RP	FALSE
YHL013C	RP	FALSE
YOR107W	RP	TRUE
YMR197C	nRP	TRUE
YGR222W	RP	FALSE
YPR086W	RP	TRUE
YMR013C	RP	FALSE
YDR143C	nRP	FALSE
YLR055C	nRP	TRUE
YER115C	nRP	FALSE
YDR116C	RP	FALSE
YFL002C	nRP	TRUE
YJL025W	nRP	TRUE
YLR145W	RP	FALSE
YGR174C	RP	TRUE
YGR072W	RP	FALSE
YKL175W	RP	FALSE
YBR228W	nRP	TRUE
YHL004W	RP	FALSE
YLR025W	RP	TRUE
YDR185C	nRP	TRUE
YNR029C	nRP	TRUE
YLR036C	RP	TRUE
YLL012W	RP	TRUE
YNL213C	RP	TRUE
YIL104C	RP	TRUE
YBL021C	nRP	FALSE
YGL155W	nRP	FALSE
YPL215W	nRP	TRUE
YJR113C	RP	FALSE
YDR003W	nRP	FALSE
YNL192W	nRP	TRUE
YDL173W	RP	TRUE
YGL072C	nRP	FALSE
YOR287C	RP	FALSE
YKR074W	RP	FALSE
YNL121C	RP	TRUE
YBR247C	RP	FALSE
YBL004W	RP	TRUE
YML025C	RP	FALSE
YMR264W	RP	TRUE
YCR093W	RP	TRUE
YIL004C	RP	FALSE
YGR252W	RP	FALSE
YIR004W	RP	TRUE
YPL154C	nRP	TRUE
YNL189W	nRP	TRUE
YPL052W	nRP	TRUE
YMR043W	nRP	TRUE
YLR336C	nRP	TRUE
YOR260W	RP	FALSE
YDR034C	nRP	FALSE
YGR163W	RP	FALSE
YML079W	nRP	FALSE
YDR297W	nRP	TRUE
YBL058W	RP	FALSE
YDR249C	nRP	TRUE
YGR129W	RP	TRUE
YBL029W	nRP	FALSE
YHR181W	nRP	FALSE
YBR083W	nRP	TRUE
YEL036C	RP	FALSE
YGL242C	RP	FALSE
YBR205W	nRP	FALSE
YMR184W	nRP	TRUE
YER186C	nRP	FALSE
YDL145C	RP	FALSE
YFR002W	nRP	FALSE
YMR010W	RP	TRUE
YLR023C	RP	FALSE
YNR054C	nRP	FALSE
YIR008C	RP	TRUE
YMR033W	nRP	TRUE
YEL060C	RP	FALSE
YMR297W	RP	FALSE
YMR305C	nRP	FALSE
YMR298W	RP	TRUE
YBR023C	nRP	TRUE
YPL112C	RP	TRUE
YNL219C	nRP	FALSE
YPL233W	nRP	FALSE
YOR246C	nRP	TRUE
YPR045C	RP	TRUE
YLR254C	RP	TRUE
YJR148W	RP	FALSE
YBR264C	nRP	FALSE
YBR021W	RP	TRUE
YLR433C	nRP	FALSE
YPL254W	nRP	TRUE
YLR195C	nRP	FALSE
YHR029C	RP	FALSE
YNL078W	RP	FALSE
YBR202W	nRP	TRUE
YML032C	RP	FALSE
YMR008C	nRP	FALSE
YIR031C	RP	FALSE
YPL133C	nRP	FALSE
YER171W	nRP	TRUE
YOR116C	nRP	FALSE
YBR175W	nRP	TRUE
YBR261C	RP	FALSE
YBR028C	RP	FALSE
YML093W	RP	FALSE
YBR210W	nRP	TRUE
YDR498C	RP	TRUE
YMR271C	RP	FALSE
YKL138C	RP	FALSE
YGR232W	RP	TRUE
YDR462W	nRP	TRUE
YFR044C	RP	TRUE
YDL110C	nRP	FALSE
YDR092W	nRP	TRUE
YBR251W	RP	FALSE
YNL050C	RP	TRUE
YJL024C	nRP	FALSE
YOL119C	nRP	TRUE
YER063W	RP	FALSE
YER003C	nRP	FALSE
YMR061W	nRP	FALSE
YMR239C	RP	TRUE
YDR451C	nRP	FALSE
YNL119W	nRP	FALSE
YBR061C	RP	FALSE
YDR258C	nRP	FALSE
YPL199C	RP	TRUE
YPL011C	nRP	FALSE
YOL080C	RP	TRUE
YLR064W	nRP	TRUE
YLR363C	nRP	FALSE
YHR045W	RP	FALSE
YJL193W	RP	FALSE
YLR253W	RP	TRUE
YGL257C	RP	FALSE
YPR107C	nRP	FALSE
YJL033W	RP	FALSE
YDR186C	nRP	FALSE
YNL315C	RP	FALSE
YPL108W	nRP	TRUE
YDL003W	RP	TRUE
YDL161W	RP	FALSE
YNL239W	RP	FALSE
YKR060W	RP	TRUE
YKL116C	RP	FALSE
YPL002C	RP	FALSE
YCR046C	RP	TRUE
YLR163C	RP	FALSE
YNL081C	nRP	TRUE
YJL031C	RP	FALSE
YGR001C	RP	FALSE
YBR006W	nRP	TRUE
YBR065C	RP	TRUE
YMR311C	nRP	FALSE
YML101C	RP	FALSE
YMR193W	RP	TRUE
YKL048C	RP	FALSE
YJL194W	RP	FALSE
YJL133W	nRP	FALSE
YCL005W	nRP	FALSE
YCR018C	nRP	TRUE
YER175C	RP	TRUE
YGR113W	nRP	FALSE
YBR282W	RP	TRUE
YER078C	RP	TRUE
YIL124W	RP	FALSE
YDR426C	nRP	TRUE
YDR513W	nRP	TRUE
YAL032C	RP	FALSE
YBR194W	RP	TRUE
YLR314C	RP	TRUE
YDR463W	RP	FALSE
YLR069C	nRP	TRUE
YOR250C	RP	FALSE
YJL145W	RP	FALSE
YGL221C	nRP	TRUE
YML114C	RP	TRUE
YLR350W	nRP	TRUE
YPR118W	RP	TRUE
YKL179C	RP	TRUE
YOR143C	RP	FALSE
YGL177W	RP	TRUE
YKR063C	nRP	FALSE
YHR216W	RP	TRUE
YLR451W	nRP	TRUE
YCL012C	RP	FALSE
YOR215C	nRP	FALSE
YAR015W	nRP	TRUE
YGR029W	nRP	FALSE
YKL167C	nRP	FALSE
YBR093C	RP	FALSE
YNL035C	nRP	FALSE
YGL043W	RP	FALSE
YJR042W	RP	FALSE
YOR142W	nRP	TRUE
YMR100W	nRP	FALSE
YGR136W	nRP	FALSE
YEL006W	RP	TRUE
YBR080C	nRP	FALSE
YLR457C	RP	FALSE
YLR375W	RP	FALSE
YOR326W	nRP	FALSE
YJR005W	nRP	FALSE
YMR270C	nRP	TRUE
YNL132W	nRP	FALSE
YLR097C	nRP	FALSE
YLR132C	nRP	FALSE
YGR203W	nRP	FALSE
YGL112C	nRP	FALSE
YOR274W	nRP	FALSE
YDL189W	nRP	FALSE
YMR149W	nRP	FALSE
YGL238W	nRP	TRUE
YKR088C	nRP	FALSE
YDR267C	nRP	FALSE
YFR028C	nRP	FALSE
YLL027W	RP	TRUE
YIL139C	nRP	FALSE
YOR002W	nRP	FALSE
YBL025W	RP	TRUE
YNR051C	nRP	FALSE
YMR161W	RP	TRUE
YNR038W	nRP	TRUE
YCR047C	nRP	TRUE
YCR090C	RP	FALSE
YGL119W	nRP	TRUE
YMR092C	nRP	TRUE
YBR137W	nRP	TRUE
YDR106W	nRP	TRUE
YDL237W	nRP	FALSE
YNL290W	RP	FALSE
YDR467C	RP	TRUE
YHR107C	nRP	FALSE
YMR091C	nRP	FALSE
YBR254C	RP	FALSE
YKL148C	nRP	FALSE
YOR046C	RP	TRUE
YKL002W	nRP	TRUE
YPL279C	RP	FALSE
YEL029C	RP	FALSE
YLR299W	RP	TRUE
YHR058C	nRP	TRUE
YHR215W	RP	FALSE
YER050C	nRP	TRUE
YHR121W	RP	TRUE
YJR118C	nRP	FALSE
YCR063W	RP	TRUE
YHR028C	RP	TRUE
YGL232W	nRP	FALSE
YBR071W	RP	TRUE
YCR077C	nRP	FALSE
YBR135W	nRP	TRUE
YDR468C	nRP	TRUE
YOR075W	RP	TRUE
YBR201W	RP	TRUE
YIL020C	nRP	TRUE
YBR286W	nRP	FALSE
YOR207C	nRP	FALSE
YNR027W	nRP	FALSE
YDR367W	nRP	TRUE
YDL040C	nRP	FALSE
YIL108W	RP	TRUE
YMR109W	RP	FALSE
YPL071C	nRP	FALSE
YNL029C	RP	FALSE
YPR176C	RP	TRUE
YMR310C	nRP	TRUE
YGL172W	nRP	TRUE
YER174C	RP	TRUE
YKR070W	RP	FALSE
YIL059C	RP	TRUE
YMR214W	RP	TRUE
YML010W	nRP	FALSE
YFR042W	RP	FALSE
YKR100C	nRP	FALSE
YPL266W	RP	FALSE
YGL190C	RP	TRUE
YOR320C	nRP	TRUE
YMR140W	RP	FALSE
YMR168C	nRP	TRUE
YOR306C	RP	FALSE
YGL085W	RP	FALSE
YDR079W	RP	FALSE
YBR288C	nRP	FALSE
YOR354C	RP	FALSE
YOR189W	RP	FALSE
YOR262W	nRP	TRUE
YML068W	nRP	TRUE
YFL018C	RP	TRUE
YOL145C	nRP	TRUE
YER048C	RP	TRUE
YIL098C	nRP	FALSE
YOL076W	nRP	TRUE
YDR241W	nRP	FALSE
YOR128C	nRP	TRUE
YPL082C	nRP	TRUE
YNL071W	nRP	FALSE
YNL053W	nRP	TRUE
YNL240C	nRP	FALSE
YJR015W	RP	FALSE
YLR440C	RP	FALSE
YMR054W	nRP	TRUE
YGR186W	nRP	TRUE
YIL003W	nRP	TRUE
YGL059W	nRP	TRUE
YNR046W	nRP	FALSE
YOR322C	nRP	TRUE
YJR130C	RP	TRUE
YML027W	RP	TRUE
YEL038W	RP	FALSE
YJL080C	nRP	FALSE
YLR017W	nRP	TRUE
YJL196C	RP	TRUE
YGR120C	nRP	TRUE
YFR037C	RP	FALSE
YGL107C	RP	FALSE
YPL009C	RP	TRUE
YBR060C	nRP	TRUE
YPR171W	RP	FALSE
YNL087W	nRP	TRUE
YLR016C	RP	TRUE
YGR101W	nRP	FALSE
YOR047C	RP	FALSE
YOR281C	RP	FALSE
YML096W	nRP	FALSE
YPL098C	nRP	TRUE
YFR047C	nRP	FALSE
YNL199C	nRP	TRUE
YMR208W	RP	TRUE
YIL074C	RP	FALSE
YKL213C	nRP	TRUE
YBL010C	RP	TRUE
YMR132C	nRP	TRUE
YBR198C	RP	FALSE
YNL152W	nRP	TRUE
YIR011C	RP	FALSE
YER189W	nRP	TRUE
YNL260C	nRP	FALSE
YGL181W	RP	TRUE
YDR090C	RP	TRUE
YJR068W	RP	TRUE
YMR001C	nRP	TRUE
YGL057C	RP	FALSE
YIL040W	RP	FALSE
YDR004W	RP	TRUE
YKL149C	RP	TRUE
YBR004C	nRP	TRUE
YMR039C	nRP	TRUE
YNL299W	RP	FALSE
YGL169W	nRP	TRUE
YDR423C	nRP	FALSE
YHR111W	RP	TRUE
YHR008C	RP	TRUE
YIL089W	RP	TRUE
YDR533C	nRP	FALSE
YBR066C	nRP	TRUE
YGL223C	RP	TRUE
YHR098C	RP	TRUE
YDR206W	nRP	FALSE
YHR040W	nRP	FALSE
YLR277C	nRP	FALSE
YHR104W	nRP	FALSE
YDR503C	nRP	TRUE
YLR059C	nRP	FALSE
YAR071W	nRP	FALSE
YGL248W	nRP	TRUE
YDR017C	nRP	TRUE
YDR123C	nRP	TRUE
YBR199W	RP	TRUE
YOL137W	RP	FALSE
YNL099C	nRP	FALSE
YGR028W	RP	TRUE
YJL212C	nRP	TRUE
YGL231C	nRP	FALSE
YHL002W	nRP	TRUE
YMR222C	nRP	TRUE
YLR154C	nRP	TRUE
YMR183C	nRP	TRUE
YMR038C	RP	FALSE
YHR127W	RP	FALSE
YJR142W	nRP	TRUE
YHR129C	RP	FALSE
YIR026C	RP	FALSE
YML062C	RP	FALSE
YPR011C	RP	FALSE
YDL006W	nRP	FALSE
YBL016W	nRP	TRUE
YCR044C	RP	TRUE
YEL056W	nRP	FALSE
YDR148C	nRP	TRUE
YER176W	nRP	TRUE
YBL054W	nRP	FALSE
YOL158C	nRP	TRUE
YOL094C	nRP	TRUE
YDR264C	RP	FALSE
YHR108W	nRP	FALSE
YKL141W	nRP	TRUE
YBL061C	RP	TRUE
YHR017W	RP	TRUE
YKR001C	nRP	TRUE
YPR009W	RP	TRUE
YJR111C	RP	TRUE
YOR147W	RP	FALSE
YDR083W	nRP	TRUE
YNL292W	nRP	FALSE
YPR048W	RP	TRUE
YGR090W	nRP	FALSE
YBR130C	nRP	FALSE
YDR292C	RP	FALSE
YDR167W	RP	TRUE
YBR129C	nRP	TRUE
YKL126W	RP	TRUE
YGR199W	RP	TRUE
YLR384C	nRP	TRUE
YOL049W	nRP	TRUE
YOR154W	RP	TRUE
YNL085W	RP	TRUE
YPL195W	nRP	TRUE
YCR059C	nRP	TRUE
YGL062W	RP	TRUE
YLR152C	RP	TRUE
YJR132W	nRP	TRUE
YOR109W	RP	FALSE
YIL070C	nRP	FALSE
YOR086C	nRP	FALSE
YBR126C	RP	TRUE
YLL041C	nRP	TRUE
YHL039W	RP	FALSE
YML117W	RP	TRUE
YER062C	RP	TRUE
YGL099W	RP	TRUE
YBL007C	nRP	TRUE
YDL043C	RP	FALSE
YOR036W	RP	FALSE
YML019W	nRP	FALSE
YML053C	RP	FALSE
YMR120C	RP	TRUE
YDR078C	nRP	TRUE
YLR330W	nRP	TRUE
YPR111W	RP	FALSE
YGL213C	RP	TRUE
YMR171C	RP	FALSE
YPR154W	RP	FALSE
YOR205C	RP	FALSE
YNL168C	RP	FALSE
YDR266C	RP	FALSE
YNL310C	RP	TRUE
YNL225C	RP	FALSE
YMR212C	nRP	TRUE
YLL048C	nRP	FALSE
YLR181C	RP	TRUE
YHL014C	nRP	FALSE
YMR313C	nRP	TRUE
YOR174W	nRP	TRUE
YOL129W	RP	TRUE
YBL051C	RP	FALSE
YOL071W	nRP	TRUE
YIL143C	nRP	TRUE
YNL288W	RP	TRUE
YDR236C	RP	FALSE
YGR021W	nRP	TRUE
YPL026C	RP	FALSE
YML004C	RP	FALSE
YPR098C	RP	TRUE
YNL136W	nRP	FALSE
YDR388W	RP	TRUE
YGL252C	RP	FALSE
YLR418C	nRP	FALSE
YIR024C	nRP	FALSE
YBR167C	RP	TRUE
YDR336W	nRP	TRUE
YDR302W	RP	FALSE
YGL091C	nRP	TRUE
YDR031W	RP	TRUE
YGR111W	RP	FALSE
YJR131W	RP	TRUE
YDL030W	nRP	FALSE
YER130C	nRP	FALSE
YKL007W	nRP	FALSE
YPR072W	nRP	FALSE
YDL168W	nRP	TRUE
YHR113W	nRP	FALSE
YLR396C	nRP	FALSE
YGL032C	RP	FALSE
YHL029C	RP	TRUE
YPL051W	nRP	TRUE
YDR242W	nRP	FALSE
YJR049C	RP	TRUE
YDR294C	RP	FALSE
YOR048C	nRP	TRUE
YML072C	nRP	FALSE
YNR049C	RP	FALSE
YBR095C	nRP	TRUE
YOR164C	nRP	TRUE
YPR073C	nRP	TRUE
YPL030W	RP	TRUE
YGL100W	RP	TRUE
YNL103W	nRP	FALSE
YGL203C	RP	TRUE
YFR010W	RP	TRUE
YOR179C	nRP	TRUE
YDR348C	RP	TRUE
YDR105C	RP	FALSE
YHL025W	RP	FALSE
YJL076W	nRP	FALSE
YJL072C	nRP	TRUE
YNL077W	nRP	FALSE
YGR046W	nRP	TRUE
YGR198W	RP	FALSE
YKL023W	RP	FALSE
YER005W	RP	FALSE
YJL061W	RP	TRUE
YDR065W	nRP	TRUE
YPL152W	nRP	FALSE
YDL158C	RP	FALSE
YDL134C	nRP	FALSE
YGR216C	RP	TRUE
YDR111C	RP	TRUE
YNL138W	RP	FALSE
YDL080C	nRP	TRUE
YDR063W	nRP	FALSE
YNR020C	RP	TRUE
YDL065C	RP	TRUE
YDL133W	RP	FALSE
YHR204W	RP	TRUE
YDR428C	nRP	TRUE
YHR036W	nRP	FALSE
YDR531W	nRP	FALSE
YNR009W	nRP	FALSE
YHR132C	RP	FALSE
YKL003C	nRP	TRUE
YDR013W	RP	TRUE
YDR147W	RP	FALSE
YOR244W	nRP	FALSE
YLR225C	RP	FALSE
YJR003C	nRP	FALSE
YLR090W	nRP	FALSE
YER169W	RP	TRUE
YMR077C	RP	FALSE
YDR370C	nRP	FALSE
YER107C	RP	FALSE
YNL211C	nRP	FALSE
YDR452W	nRP	TRUE
YMR153W	RP	TRUE
YPL151C	RP	TRUE
YIL077C	nRP	TRUE
YGR117C	nRP	FALSE
YGR015C	nRP	FALSE
YHR062C	RP	FALSE
YER125W	nRP	FALSE
YDR300C	RP	TRUE
YMR128W	nRP	FALSE
YOR288C	nRP	FALSE
YDL215C	RP	TRUE
YHR149C	nRP	FALSE
YNL125C	RP	FALSE
YAL056W	RP	FALSE
YDL099W	RP	FALSE
YER113C	nRP	TRUE
YDL036C	RP	TRUE
YNL201C	RP	FALSE
YJL154C	nRP	FALSE
YHR115C	nRP	FALSE
YNL185C	nRP	TRUE
YGL228W	RP	FALSE
YPR029C	RP	TRUE
YNL263C	RP	FALSE
YNR055C	RP	FALSE
YER152C	RP	FALSE
YGR125W	nRP	TRUE
YIL165C	RP	TRUE
YIR037W	RP	TRUE
YGL134W	nRP	FALSE
YDR208W	nRP	FALSE
YER030W	nRP	TRUE
YDR081C	RP	FALSE
YDR198C	RP	FALSE
YDL012C	nRP	FALSE
YGR076C	RP	TRUE
YMR150C	nRP	FALSE
YKL100C	nRP	TRUE
YPR161C	nRP	FALSE
YDR144C	nRP	FALSE
YML097C	RP	FALSE
YLR223C	RP	FALSE
YKR062W	RP	FALSE
YGL178W	nRP	TRUE
YJL081C	RP	TRUE
YKL154W	RP	FALSE
YLR241W	RP	TRUE
YBL032W	nRP	FALSE
YLR140W	RP	TRUE
YGL166W	RP	TRUE
YJL180C	RP	FALSE
YIR021W	nRP	TRUE
YER071C	nRP	TRUE
YGL219C	nRP	FALSE
YPL176C	RP	TRUE
YBR087W	RP	FALSE
YHR110W	nRP	TRUE
YDL177C	RP	FALSE
YHR090C	RP	FALSE
YOR033C	RP	FALSE
YLR084C	RP	FALSE
YLR321C	RP	TRUE
YBL014C	nRP	TRUE
YDR472W	nRP	TRUE
YGR035C	RP	FALSE
YLR408C	nRP	FALSE
YBR165W	RP	TRUE
YGR218W	nRP	FALSE
YPR199C	nRP	FALSE
YFL046W	nRP	TRUE
YIL109C	nRP	TRUE
YMR221C	RP	TRUE
YIL014W	nRP	FALSE
YHR083W	RP	TRUE
YHR078W	nRP	TRUE
YBL017C	RP	FALSE
YDR489W	nRP	FALSE
YIL111W	nRP	FALSE
YGL002W	nRP	TRUE
YOR233W	nRP	TRUE
YOL056W	nRP	TRUE
YGR102C	RP	TRUE
YNL011C	nRP	TRUE
YDL120W	RP	TRUE
YKL004W	RP	FALSE
YML046W	nRP	TRUE
YLR376C	RP	FALSE
YNL266W	RP	TRUE
YPL213W	RP	TRUE
YLL035W	nRP	TRUE
YMR315W	nRP	FALSE
YAL053W	nRP	TRUE
YOR278W	nRP	FALSE
YOR115C	RP	FALSE
YLR018C	RP	TRUE
YER168C	RP	FALSE
YJL146W	RP	FALSE
YLR306W	nRP	TRUE
YDR261C	nRP	TRUE
YPL169C	nRP	TRUE
YBR110W	RP	FALSE
YDR396W	RP	FALSE
YDL224C	RP	TRUE
YBR195C	RP	FALSE
YER105C	RP	TRUE
YCR015C	nRP	TRUE
YJR129C	RP	FALSE
YGL063W	nRP	FALSE
YGL095C	RP	FALSE
YAR018C	RP	FALSE
YOL007C	RP	TRUE
YKL139W	RP	TRUE
YBR176W	RP	TRUE
YDR517W	nRP	TRUE
YDR349C	RP	TRUE
YDR391C	RP	FALSE
YLR200W	nRP	TRUE
YPL034W	RP	TRUE
YNR028W	RP	FALSE
YPL038W	nRP	FALSE
YHR156C	RP	TRUE
YML111W	nRP	FALSE
YLR215C	nRP	FALSE
YMR278W	nRP	FALSE
YAL046C	nRP	TRUE
YDR312W	RP	FALSE
YDR303C	nRP	TRUE
YJL030W	nRP	FALSE
YLR134W	RP	FALSE
YGR154C	RP	TRUE
YGR193C	nRP	TRUE
YNR013C	nRP	TRUE
YLR114C	RP	TRUE
YPL227C	nRP	TRUE
YPR182W	RP	TRUE
YJR062C	RP	TRUE
YLR206W	RP	FALSE
YGL247W	RP	TRUE
YOL057W	nRP	TRUE
YMR282C	nRP	FALSE
YOL021C	nRP	TRUE
YIL056W	RP	TRUE
YGR074W	RP	FALSE
YNL326C	RP	FALSE
YKL176C	RP	FALSE
YBR008C	RP	FALSE
YDL008W	RP	TRUE
YIL128W	RP	FALSE
YHR009C	nRP	FALSE
YMR021C	RP	TRUE
YGL038C	RP	TRUE
YGR095C	RP	FALSE
YDR130C	nRP	TRUE
YGL037C	nRP	TRUE
YMR130W	nRP	TRUE
YDL001W	nRP	TRUE
YIL054W	nRP	TRUE
YNR034W	nRP	TRUE
YCR026C	nRP	FALSE
YAR002W	nRP	FALSE
YMR218C	nRP	TRUE
YLR397C	RP	FALSE
YOR008C	RP	TRUE
YMR225C	RP	FALSE
YBR234C	RP	TRUE
YGR239C	RP	FALSE
YPR109W	nRP	TRUE
YOR356W	nRP	FALSE
YMR255W	nRP	TRUE
YEL050C	RP	TRUE
YHR001W	RP	TRUE
YLR138W	RP	FALSE
YPL159C	nRP	FALSE
YBL105C	nRP	FALSE
YPL107W	nRP	TRUE
YPL032C	nRP	FALSE
YDR331W	nRP	FALSE
YGL092W	nRP	TRUE
YDL064W	nRP	FALSE
YNL155W	nRP	TRUE
YPR082C	RP	TRUE
YIL088C	nRP	FALSE
YDR459C	RP	TRUE
YBR293W	RP	FALSE
YJL155C	RP	FALSE
YPL024W	nRP	FALSE
YMR029C	RP	FALSE
YDL225W	RP	FALSE
YJL139C	nRP	FALSE
YER100W	RP	FALSE
YPL055C	RP	FALSE
YJL006C	nRP	FALSE
YBL022C	nRP	TRUE
YJL101C	nRP	TRUE
YDR021W	nRP	FALSE
YMR005W	nRP	TRUE
YJR044C	RP	FALSE
YFL044C	RP	TRUE
YPL255W	RP	FALSE
YDR434W	RP	TRUE
YMR097C	RP	FALSE
YOR299W	nRP	FALSE
YDL155W	nRP	TRUE
YCL057W	nRP	TRUE
YCL002C	RP	FALSE
YGL108C	nRP	FALSE
YGL005C	RP	FALSE
YPR070W	nRP	TRUE
YJL039C	RP	FALSE
YLR437C	RP	TRUE
YOL016C	nRP	TRUE
YER057C	nRP	TRUE
YDR082W	RP	FALSE
YMR009W	RP	TRUE
YPL056C	nRP	TRUE
YCR084C	RP	TRUE
YKR022C	nRP	TRUE
YML102W	nRP	FALSE
YLR426W	nRP	FALSE
YPL101W	nRP	TRUE
YDR364C	nRP	FALSE
YDR333C	RP	FALSE
YJL065C	nRP	FALSE
YEL032W	RP	TRUE
YLR117C	nRP	FALSE
YKL173W	RP	TRUE
YGR073C	RP	FALSE
YOR279C	RP	FALSE
YOR024W	RP	TRUE
YLR173W	nRP	TRUE
YOR216C	nRP	TRUE
YKR013W	nRP	FALSE
YHL007C	RP	TRUE
YDR448W	nRP	FALSE
YBR188C	RP	TRUE
YMR223W	RP	TRUE
YIR042C	nRP	FALSE
YGR241C	RP	FALSE
YDR456W	RP	FALSE
YDR126W	RP	FALSE
YDL106C	nRP	FALSE
YNL216W	RP	TRUE
YPL269W	nRP	FALSE
YLR439W	RP	TRUE
YOR265W	nRP	FALSE
YMR044W	nRP	TRUE
YFL048C	RP	FALSE
YDL174C	RP	TRUE
YPR198W	nRP	TRUE
YHR037W	RP	FALSE
YML016C	RP	FALSE
YJR055W	nRP	FALSE
YFR039C	RP	TRUE
YLR021W	RP	FALSE
YJL041W	RP	TRUE
YLR088W	nRP	TRUE
YIR010W	RP	FALSE
YKR034W	nRP	TRUE
YML099C	RP	TRUE
YLR105C	nRP	TRUE
YDR305C	RP	FALSE
YOR040W	RP	FALSE
YLR335W	nRP	TRUE
YOR176W	nRP	TRUE
YBR163W	nRP	FALSE
YJL073W	RP	TRUE
YMR064W	RP	TRUE
YKR093W	nRP	TRUE
YCL052C	nRP	TRUE
YDR400W	nRP	TRUE
YNR032W	RP	TRUE
YGR083C	RP	FALSE
YLR108C	nRP	FALSE
YGL080W	nRP	FALSE
YGL194C	RP	FALSE
YMR036C	nRP	FALSE
YGR281W	nRP	FALSE
YGR003W	nRP	FALSE
YIL126W	RP	FALSE
YBR197C	RP	FALSE
YML031W	RP	TRUE
YHR034C	nRP	FALSE
YDR515W	nRP	TRUE
YPR081C	nRP	TRUE
YDR068W	RP	FALSE
YKL127W	RP	TRUE
YGR092W	nRP	TRUE
YIL150C	RP	FALSE
YOL022C	nRP	FALSE
YBR236C	nRP	FALSE
YDR121W	RP	FALSE
YMR173W	nRP	TRUE
YNL181W	RP	TRUE
YJR050W	RP	TRUE
YLL010C	RP	FALSE
YJL128C	RP	FALSE
YOR110W	nRP	FALSE
YCR037C	RP	TRUE
YBR005W	RP	FALSE
YHR192W	RP	TRUE
YPL067C	RP	TRUE
YBR139W	nRP	FALSE
YDR335W	RP	FALSE
YNL212W	RP	FALSE
YLR045C	RP	FALSE
YLR146C	nRP	TRUE
YGR036C	nRP	TRUE
YJL003W	RP	FALSE
YNL320W	RP	TRUE
YKL183W	nRP	FALSE
YMR215W	RP	TRUE
YBR014C	RP	TRUE
YMR182C	nRP	TRUE
YBR161W	RP	FALSE
YNL323W	RP	FALSE
YLL043W	RP	FALSE
YHR084W	RP	TRUE
YBL067C	nRP	FALSE
YDR477W	nRP	FALSE
YPR023C	RP	TRUE
YBR044C	RP	FALSE
YDR005C	nRP	FALSE
YBR111C	nRP	TRUE
YHR002W	RP	FALSE
YBR119W	RP	FALSE
YLR118C	nRP	FALSE
YJL156C	nRP	FALSE
YOR057W	nRP	FALSE
YLR410W	RP	TRUE
YDL142C	nRP	FALSE
YOR175C	RP	FALSE
YMR209C	nRP	FALSE
YBR049C	nRP	TRUE
YOL122C	RP	FALSE
YJL178C	RP	TRUE
YKL098W	nRP	FALSE
YER083C	nRP	FALSE
YMR135C	RP	TRUE
YDR458C	RP	TRUE
YDL165W	RP	FALSE
YPL139C	nRP	FALSE
YDL187C	RP	FALSE
YGL118C	RP	TRUE
YJL049W	nRP	TRUE
YHL048W	RP	TRUE
YDR311W	nRP	FALSE
YNL258C	nRP	TRUE
YBR220C	nRP	FALSE
YDR338C	nRP	TRUE
YGR077C	RP	FALSE
YIR016W	RP	FALSE
YNL094W	nRP	FALSE
YMR110C	RP	FALSE
YLR116W	nRP	FALSE
YDL076C	RP	FALSE
YMR047C	nRP	FALSE
YDL078C	nRP	FALSE
YCL017C	RP	FALSE
YGR116W	nRP	FALSE
YOL128C	RP	FALSE
YOR171C	nRP	TRUE
YPR116W	nRP	FALSE
YER154W	nRP	TRUE
YKL022C	nRP	FALSE
YDR051C	RP	FALSE
YKR066C	nRP	TRUE
YGL130W	RP	FALSE
YGL164C	RP	TRUE
YDR032C	RP	TRUE
YDR511W	RP	TRUE
YBR017C	RP	FALSE
YLR274W	RP	TRUE
YDL005C	nRP	TRUE
YOR251C	nRP	FALSE
YLR095C	RP	FALSE
YIL001W	nRP	TRUE
YBR057C	nRP	FALSE
YBR211C	nRP	TRUE
YDR059C	nRP	TRUE
YPR140W	RP	TRUE
YJL023C	RP	FALSE
YLR455W	RP	FALSE
YLR357W	RP	TRUE
YOL090W	nRP	FALSE
YFL001W	RP	TRUE
YDR308C	nRP	FALSE
YKL066W	RP	TRUE
YBR141C	RP	FALSE
YOR264W	nRP	TRUE
YHR038W	nRP	TRUE
YLR237W	nRP	TRUE
YML014W	RP	FALSE
YDR313C	nRP	TRUE
YKR087C	RP	FALSE
YBL089W	RP	TRUE
YDL132W	nRP	FALSE
YCR033W	RP	FALSE
YDR138W	nRP	TRUE
YDR319C	nRP	TRUE
YJL203W	nRP	FALSE
YDR176W	nRP	TRUE
YJL197W	nRP	TRUE
YOL105C	nRP	TRUE
YOR030W	nRP	FALSE
YHR082C	nRP	TRUE
YKL122C	RP	TRUE
YGL098W	RP	TRUE
YKL014C	nRP	TRUE
YHR076W	RP	TRUE
YMR258C	nRP	FALSE
YMR158W	RP	TRUE
YKR047W	RP	FALSE
YLR248W	nRP	TRUE
YNL163C	RP	TRUE
YNL227C	RP	TRUE
YMR285C	RP	TRUE
YCL045C	RP	FALSE
YIL030C	nRP	TRUE
YER163C	RP	TRUE
YBR239C	nRP	FALSE
YCR011C	nRP	TRUE
YOR300W	RP	TRUE
YDR485C	RP	FALSE
YDR416W	RP	FALSE
YMR067C	nRP	FALSE
YBR274W	nRP	FALSE
YDL108W	nRP	TRUE
YLL053C	nRP	TRUE
YPL158C	RP	FALSE
YLR404W	RP	TRUE
YIR005W	nRP	TRUE
YBR151W	nRP	FALSE
YOR172W	nRP	TRUE
YAR008W	nRP	FALSE
YER170W	nRP	FALSE
YLR019W	nRP	FALSE
YDR390C	nRP	TRUE
YBR003W	RP	FALSE
YNL238W	RP	TRUE
YLR164W	RP	FALSE
YKL005C	RP	FALSE
YOR112W	RP	TRUE
YML120C	nRP	FALSE
YMR073C	nRP	TRUE
YDL207W	nRP	FALSE
YBR258C	nRP	TRUE
YPL241C	RP	TRUE
YPL236C	RP	FALSE
YDR438W	nRP	FALSE
YJL210W	RP	TRUE
YML011C	nRP	FALSE
YPR156C	RP	FALSE
YML080W	nRP	TRUE
YOR016C	nRP	TRUE
YMR234W	nRP	FALSE
YPL202C	RP	FALSE
YOR105W	nRP	FALSE
YPR153W	nRP	FALSE
YBR245C	nRP	FALSE
YNL257C	nRP	FALSE
YJR143C	RP	FALSE
YBL082C	nRP	FALSE
YOR197W	RP	FALSE
YGL162W	nRP	FALSE
YGL087C	nRP	TRUE
YGL017W	RP	FALSE
YML034W	RP	TRUE
YMR165C	RP	TRUE
YER042W	nRP	FALSE
YMR024W	nRP	TRUE
YLR137W	RP	TRUE
YIL033C	RP	TRUE
YKL204W	nRP	FALSE
YJR030C	nRP	FALSE
YMR070W	RP	TRUE
YDR219C	nRP	FALSE
YBR173C	RP	TRUE
YDL088C	nRP	TRUE
YLR242C	nRP	TRUE
YNL148C	nRP	FALSE
YOR267C	RP	TRUE
YGL010W	RP	FALSE
YHR044C	nRP	TRUE
YDL044C	RP	TRUE
YDR476C	nRP	TRUE
YMR189W	nRP	TRUE
YNL080C	nRP	FALSE
YDR229W	nRP	TRUE
YNL091W	RP	FALSE
YOR077W	RP	TRUE
YPR131C	RP	TRUE
YER017C	RP	FALSE
YOL112W	RP	FALSE
YPR075C	nRP	FALSE
YDR340W	RP	FALSE
YNL265C	nRP	FALSE
YGR080W	RP	TRUE
YCR076C	RP	TRUE
YPR093C	nRP	TRUE
YKL135C	RP	FALSE
YOR307C	nRP	TRUE
YOR125C	nRP	FALSE
YNL039W	nRP	TRUE
YLL036C	nRP	FALSE
YKR016W	nRP	TRUE
YLR398C	nRP	TRUE
YMR155W	nRP	TRUE
YCL049C	RP	TRUE
YDR393W	RP	FALSE
YBL047C	RP	FALSE
YPR175W	nRP	FALSE
YDR151C	RP	TRUE
YPL089C	nRP	TRUE
YMR157C	nRP	TRUE
YBR183W	RP	FALSE
YCL044C	RP	TRUE
YLL001W	nRP	FALSE
YNR059W	RP	FALSE
YJL112W	nRP	TRUE
YLR089C	RP	FALSE
YFR005C	nRP	TRUE
YER019W	RP	TRUE
YKL078W	nRP	FALSE
YPR067W	nRP	FALSE
YGR268C	nRP	FALSE
YOR118W	RP	FALSE
YLR190W	nRP	TRUE
YKL063C	RP	TRUE
YHR205W	nRP	FALSE
YDR113C	RP	TRUE
YGR008C	nRP	FALSE
YBR170C	nRP	TRUE
YBR216C	RP	FALSE
YAL013W	nRP	FALSE
YNL293W	nRP	FALSE
YPL193W	nRP	TRUE
YPR037C	nRP	FALSE
YIL154C	nRP	TRUE
YHR199C	nRP	FALSE
YBR073W	nRP	TRUE
YDR145W	nRP	TRUE
YIL010W	RP	FALSE
YPL267W	RP	TRUE
YHR073W	nRP	FALSE
YHR060W	nRP	FALSE
YGR093W	RP	FALSE
YLR393W	nRP	FALSE
YBR103W	RP	TRUE
YFR006W	nRP	TRUE
YHR101C	RP	FALSE
YDR142C	RP	FALSE
YLR020C	RP	TRUE
YHL017W	nRP	TRUE
YMR119W	RP	TRUE
YLR315W	nRP	TRUE
YGL050W	RP	FALSE
YLL019C	RP	FALSE
YDR322W	nRP	FALSE
YOR140W	RP	FALSE
YLR417W	nRP	TRUE
YJR041C	nRP	TRUE
YGR270W	RP	TRUE
YLR351C	nRP	TRUE
YOR141C	nRP	FALSE
YDR061W	nRP	TRUE
YPL178W	RP	TRUE
YLR007W	nRP	TRUE
YDR389W	RP	TRUE
YMR027W	RP	TRUE
YIL061C	RP	TRUE
YJR013W	RP	TRUE
YCR079W	RP	FALSE
YDL138W	nRP	FALSE
YJL192C	nRP	FALSE
YPL161C	RP	TRUE
YLR278C	RP	TRUE
YGR286C	RP	FALSE
YDL104C	RP	FALSE
YMR276W	RP	FALSE
YLR431C	nRP	FALSE
YKL010C	RP	FALSE
YNL311C	RP	TRUE
YDL240W	nRP	FALSE
YMR069W	nRP	TRUE
YAL022C	RP	FALSE
YHR206W	nRP	FALSE
YDR231C	RP	FALSE
YNL249C	RP	FALSE
YIL034C	nRP	FALSE
YKL115C	RP	FALSE
YDL069C	RP	FALSE
YGL044C	nRP	FALSE
YDR026C	nRP	TRUE
YDR027C	nRP	TRUE
YOR092W	RP	TRUE
YML005W	nRP	FALSE
YBR243C	RP	FALSE
YLR203C	nRP	TRUE
YDL115C	nRP	TRUE
YDR228C	nRP	FALSE
YGR274C	nRP	TRUE
YGR071C	RP	TRUE
YOR050C	RP	FALSE
YIL157C	RP	TRUE
YNL042W	nRP	FALSE
YOL014W	nRP	TRUE
YCR054C	nRP	TRUE
YAL049C	RP	TRUE
YHR047C	nRP	FALSE
YGR109C	RP	FALSE
YDR100W	RP	TRUE
YBR112C	nRP	TRUE
YBR213W	nRP	FALSE
YJL172W	RP	FALSE
YPR085C	nRP	FALSE
YJL054W	RP	FALSE
YGR266W	nRP	FALSE
YMR316W	nRP	TRUE
YHR112C	nRP	FALSE
YNL026W	nRP	TRUE
YGR096W	RP	TRUE
YOL103W	RP	TRUE
YKR010C	nRP	TRUE
YOR067C	RP	FALSE
YBR105C	RP	FALSE
YNR025C	RP	TRUE
YDR357C	RP	TRUE
YKL201C	RP	FALSE
YOR245C	RP	FALSE
YPL184C	nRP	FALSE
YGR137W	RP	FALSE
YGL110C	RP	FALSE
YHR124W	RP	FALSE
YKL124W	nRP	TRUE
YDR479C	RP	TRUE
YDR237W	RP	FALSE
YLR212C	nRP	TRUE
YIL046W	RP	FALSE
YNL059C	nRP	FALSE
YJL165C	nRP	TRUE
YAR007C	nRP	TRUE
YNL317W	nRP	TRUE
YOR155C	nRP	TRUE
YMR040W	RP	FALSE
YHR118C	RP	TRUE
YDR368W	RP	FALSE
YHR043C	nRP	FALSE
YBR074W	nRP	FALSE
YDR288W	RP	TRUE
YDL180W	nRP	TRUE
YNL243W	RP	FALSE
